path,label,group
train/NORMAL/IM-0115-0001.jpeg,0,IM-0115
train/NORMAL/IM-0117-0001.jpeg,0,IM-0117
train/NORMAL/IM-0122-0001.jpeg,0,IM-0122
train/NORMAL/IM-0125-0001.jpeg,0,IM-0125
train/NORMAL/IM-0127-0001.jpeg,0,IM-0127
train/NORMAL/IM-0128-0001.jpeg,0,IM-0128
train/NORMAL/IM-0129-0001.jpeg,0,IM-0129
train/NORMAL/IM-0133-0001.jpeg,0,IM-0133
train/NORMAL/IM-0135-0001.jpeg,0,IM-0135
train/NORMAL/IM-0137-0001.jpeg,0,IM-0137
train/NORMAL/IM-0141-0001.jpeg,0,IM-0141
train/NORMAL/IM-0143-0001.jpeg,0,IM-0143
train/NORMAL/IM-0145-0001.jpeg,0,IM-0145
train/NORMAL/IM-0147-0001.jpeg,0,IM-0147
train/NORMAL/IM-0149-0001.jpeg,0,IM-0149
train/NORMAL/IM-0151-0001.jpeg,0,IM-0151
train/NORMAL/IM-0152-0001.jpeg,0,IM-0152
train/NORMAL/IM-0154-0001.jpeg,0,IM-0154
train/NORMAL/IM-0156-0001.jpeg,0,IM-0156
train/NORMAL/IM-0158-0001.jpeg,0,IM-0158
train/NORMAL/IM-0160-0001.jpeg,0,IM-0160
train/NORMAL/IM-0162-0001.jpeg,0,IM-0162
train/NORMAL/IM-0166-0001.jpeg,0,IM-0166
train/NORMAL/IM-0168-0001.jpeg,0,IM-0168
train/NORMAL/IM-0172-0001.jpeg,0,IM-0172
train/NORMAL/IM-0176-0001.jpeg,0,IM-0176
train/NORMAL/IM-0177-0001.jpeg,0,IM-0177
train/NORMAL/IM-0178-0001.jpeg,0,IM-0178
train/NORMAL/IM-0180-0001.jpeg,0,IM-0180
train/NORMAL/IM-0182-0001.jpeg,0,IM-0182
train/NORMAL/IM-0183-0001.jpeg,0,IM-0183
train/NORMAL/IM-0187-0001.jpeg,0,IM-0187
train/NORMAL/IM-0189-0001.jpeg,0,IM-0189
train/NORMAL/IM-0191-0001.jpeg,0,IM-0191
train/NORMAL/IM-0193-0001.jpeg,0,IM-0193
train/NORMAL/IM-0195-0001.jpeg,0,IM-0195
train/NORMAL/IM-0199-0001.jpeg,0,IM-0199
train/NORMAL/IM-0201-0001.jpeg,0,IM-0201
train/NORMAL/IM-0203-0001.jpeg,0,IM-0203
train/NORMAL/IM-0205-0001.jpeg,0,IM-0205
train/NORMAL/IM-0207-0001.jpeg,0,IM-0207
train/NORMAL/IM-0209-0001.jpeg,0,IM-0209
train/NORMAL/IM-0210-0001.jpeg,0,IM-0210
train/NORMAL/IM-0211-0001.jpeg,0,IM-0211
train/NORMAL/IM-0213-0001.jpeg,0,IM-0213
train/NORMAL/IM-0214-0001.jpeg,0,IM-0214
train/NORMAL/IM-0216-0001.jpeg,0,IM-0216
train/NORMAL/IM-0217-0001.jpeg,0,IM-0217
train/NORMAL/IM-0218-0001.jpeg,0,IM-0218
train/NORMAL/IM-0219-0001.jpeg,0,IM-0219
train/NORMAL/IM-0220-0001.jpeg,0,IM-0220
train/NORMAL/IM-0221-0001.jpeg,0,IM-0221
train/NORMAL/IM-0222-0001.jpeg,0,IM-0222
train/NORMAL/IM-0223-0001.jpeg,0,IM-0223
train/NORMAL/IM-0224-0001.jpeg,0,IM-0224
train/NORMAL/IM-0225-0001.jpeg,0,IM-0225
train/NORMAL/IM-0226-0001.jpeg,0,IM-0226
train/NORMAL/IM-0227-0001.jpeg,0,IM-0227
train/NORMAL/IM-0228-0001.jpeg,0,IM-0228
train/NORMAL/IM-0229-0001.jpeg,0,IM-0229
train/NORMAL/IM-0234-0001.jpeg,0,IM-0234
train/NORMAL/IM-0235-0001.jpeg,0,IM-0235
train/NORMAL/IM-0236-0001.jpeg,0,IM-0236
train/NORMAL/IM-0237-0001.jpeg,0,IM-0237
train/NORMAL/IM-0239-0001.jpeg,0,IM-0239
train/NORMAL/IM-0240-0001.jpeg,0,IM-0240
train/NORMAL/IM-0241-0001.jpeg,0,IM-0241
train/NORMAL/IM-0242-0001.jpeg,0,IM-0242
train/NORMAL/IM-0243-0001.jpeg,0,IM-0243
train/NORMAL/IM-0244-0001.jpeg,0,IM-0244
train/NORMAL/IM-0248-0001.jpeg,0,IM-0248
train/NORMAL/IM-0249-0001.jpeg,0,IM-0249
train/NORMAL/IM-0251-0001.jpeg,0,IM-0251
train/NORMAL/IM-0253-0001.jpeg,0,IM-0253
train/NORMAL/IM-0255-0001.jpeg,0,IM-0255
train/NORMAL/IM-0256-0001.jpeg,0,IM-0256
train/NORMAL/IM-0257-0001.jpeg,0,IM-0257
train/NORMAL/IM-0261-0001.jpeg,0,IM-0261
train/NORMAL/IM-0262-0001.jpeg,0,IM-0262
train/NORMAL/IM-0264-0001.jpeg,0,IM-0264
train/NORMAL/IM-0265-0001.jpeg,0,IM-0265
train/NORMAL/IM-0266-0001.jpeg,0,IM-0266
train/NORMAL/IM-0268-0001.jpeg,0,IM-0268
train/NORMAL/IM-0269-0001.jpeg,0,IM-0269
train/NORMAL/IM-0270-0001.jpeg,0,IM-0270
train/NORMAL/IM-0272-0001.jpeg,0,IM-0272
train/NORMAL/IM-0273-0001.jpeg,0,IM-0273
train/NORMAL/IM-0275-0001.jpeg,0,IM-0275
train/NORMAL/IM-0276-0001.jpeg,0,IM-0276
train/NORMAL/IM-0277-0001.jpeg,0,IM-0277
train/NORMAL/IM-0278-0001.jpeg,0,IM-0278
train/NORMAL/IM-0282-0001.jpeg,0,IM-0282
train/NORMAL/IM-0283-0001.jpeg,0,IM-0283
train/NORMAL/IM-0285-0001.jpeg,0,IM-0285
train/NORMAL/IM-0286-0001.jpeg,0,IM-0286
train/NORMAL/IM-0288-0001.jpeg,0,IM-0288
train/NORMAL/IM-0289-0001.jpeg,0,IM-0289
train/NORMAL/IM-0290-0001.jpeg,0,IM-0290
train/NORMAL/IM-0291-0001.jpeg,0,IM-0291
train/NORMAL/IM-0292-0001.jpeg,0,IM-0292
train/NORMAL/IM-0293-0001.jpeg,0,IM-0293
train/NORMAL/IM-0295-0001.jpeg,0,IM-0295
train/NORMAL/IM-0297-0001.jpeg,0,IM-0297
train/NORMAL/IM-0298-0001.jpeg,0,IM-0298
train/NORMAL/IM-0299-0001.jpeg,0,IM-0299
train/NORMAL/IM-0300-0001.jpeg,0,IM-0300
train/NORMAL/IM-0301-0001.jpeg,0,IM-0301
train/NORMAL/IM-0302-0001.jpeg,0,IM-0302
train/NORMAL/IM-0303-0001.jpeg,0,IM-0303
train/NORMAL/IM-0305-0001.jpeg,0,IM-0305
train/NORMAL/IM-0306-0001.jpeg,0,IM-0306
train/NORMAL/IM-0307-0001.jpeg,0,IM-0307
train/NORMAL/IM-0308-0001.jpeg,0,IM-0308
train/NORMAL/IM-0309-0001.jpeg,0,IM-0309
train/NORMAL/IM-0311-0001.jpeg,0,IM-0311
train/NORMAL/IM-0312-0001.jpeg,0,IM-0312
train/NORMAL/IM-0313-0001.jpeg,0,IM-0313
train/NORMAL/IM-0314-0001.jpeg,0,IM-0314
train/NORMAL/IM-0315-0001.jpeg,0,IM-0315
train/NORMAL/IM-0316-0001.jpeg,0,IM-0316
train/NORMAL/IM-0317-0001.jpeg,0,IM-0317
train/NORMAL/IM-0318-0001.jpeg,0,IM-0318
train/NORMAL/IM-0319-0001.jpeg,0,IM-0319
train/NORMAL/IM-0323-0001.jpeg,0,IM-0323
train/NORMAL/IM-0324-0001.jpeg,0,IM-0324
train/NORMAL/IM-0326-0001.jpeg,0,IM-0326
train/NORMAL/IM-0327-0001.jpeg,0,IM-0327
train/NORMAL/IM-0330-0001.jpeg,0,IM-0330
train/NORMAL/IM-0331-0001.jpeg,0,IM-0331
train/NORMAL/IM-0332-0001.jpeg,0,IM-0332
train/NORMAL/IM-0333-0001.jpeg,0,IM-0333
train/NORMAL/IM-0335-0001.jpeg,0,IM-0335
train/NORMAL/IM-0337-0001.jpeg,0,IM-0337
train/NORMAL/IM-0338-0001.jpeg,0,IM-0338
train/NORMAL/IM-0339-0001.jpeg,0,IM-0339
train/NORMAL/IM-0340-0001.jpeg,0,IM-0340
train/NORMAL/IM-0341-0001.jpeg,0,IM-0341
train/NORMAL/IM-0345-0001.jpeg,0,IM-0345
train/NORMAL/IM-0346-0001.jpeg,0,IM-0346
train/NORMAL/IM-0347-0001.jpeg,0,IM-0347
train/NORMAL/IM-0349-0001.jpeg,0,IM-0349
train/NORMAL/IM-0351-0001.jpeg,0,IM-0351
train/NORMAL/IM-0353-0001.jpeg,0,IM-0353
train/NORMAL/IM-0354-0001.jpeg,0,IM-0354
train/NORMAL/IM-0355-0001.jpeg,0,IM-0355
train/NORMAL/IM-0356-0001.jpeg,0,IM-0356
train/NORMAL/IM-0357-0001.jpeg,0,IM-0357
train/NORMAL/IM-0358-0001.jpeg,0,IM-0358
train/NORMAL/IM-0359-0001.jpeg,0,IM-0359
train/NORMAL/IM-0361-0001.jpeg,0,IM-0361
train/NORMAL/IM-0362-0001.jpeg,0,IM-0362
train/NORMAL/IM-0363-0001.jpeg,0,IM-0363
train/NORMAL/IM-0364-0001.jpeg,0,IM-0364
train/NORMAL/IM-0365-0001.jpeg,0,IM-0365
train/NORMAL/IM-0367-0001.jpeg,0,IM-0367
train/NORMAL/IM-0368-0001.jpeg,0,IM-0368
train/NORMAL/IM-0369-0001.jpeg,0,IM-0369
train/NORMAL/IM-0370-0001.jpeg,0,IM-0370
train/NORMAL/IM-0371-0001.jpeg,0,IM-0371
train/NORMAL/IM-0372-0001.jpeg,0,IM-0372
train/NORMAL/IM-0374-0001.jpeg,0,IM-0374
train/NORMAL/IM-0375-0001.jpeg,0,IM-0375
train/NORMAL/IM-0377-0001.jpeg,0,IM-0377
train/NORMAL/IM-0379-0001.jpeg,0,IM-0379
train/NORMAL/IM-0381-0001.jpeg,0,IM-0381
train/NORMAL/IM-0383-0001.jpeg,0,IM-0383
train/NORMAL/IM-0384-0001.jpeg,0,IM-0384
train/NORMAL/IM-0385-0001.jpeg,0,IM-0385
train/NORMAL/IM-0386-0001.jpeg,0,IM-0386
train/NORMAL/IM-0388-0001.jpeg,0,IM-0388
train/NORMAL/IM-0389-0001.jpeg,0,IM-0389
train/NORMAL/IM-0391-0001.jpeg,0,IM-0391
train/NORMAL/IM-0393-0001.jpeg,0,IM-0393
train/NORMAL/IM-0395-0001.jpeg,0,IM-0395
train/NORMAL/IM-0399-0001.jpeg,0,IM-0399
train/NORMAL/IM-0401-0001.jpeg,0,IM-0401
train/NORMAL/IM-0404-0001.jpeg,0,IM-0404
train/NORMAL/IM-0405-0001.jpeg,0,IM-0405
train/NORMAL/IM-0408-0001.jpeg,0,IM-0408
train/NORMAL/IM-0409-0001.jpeg,0,IM-0409
train/NORMAL/IM-0410-0001.jpeg,0,IM-0410
train/NORMAL/IM-0411-0001.jpeg,0,IM-0411
train/NORMAL/IM-0413-0001.jpeg,0,IM-0413
train/NORMAL/IM-0417-0001.jpeg,0,IM-0417
train/NORMAL/IM-0419-0001.jpeg,0,IM-0419
train/NORMAL/IM-0420-0001.jpeg,0,IM-0420
train/NORMAL/IM-0421-0001.jpeg,0,IM-0421
train/NORMAL/IM-0423-0001.jpeg,0,IM-0423
train/NORMAL/IM-0424-0001.jpeg,0,IM-0424
train/NORMAL/IM-0425-0001.jpeg,0,IM-0425
train/NORMAL/IM-0427-0001.jpeg,0,IM-0427
train/NORMAL/IM-0428-0001.jpeg,0,IM-0428
train/NORMAL/IM-0429-0001-0001.jpeg,0,IM-0429
train/NORMAL/IM-0429-0001-0002.jpeg,0,IM-0429
train/NORMAL/IM-0429-0001.jpeg,0,IM-0429
train/NORMAL/IM-0430-0001.jpeg,0,IM-0430
train/NORMAL/IM-0431-0001.jpeg,0,IM-0431
train/NORMAL/IM-0432-0001.jpeg,0,IM-0432
train/NORMAL/IM-0433-0001.jpeg,0,IM-0433
train/NORMAL/IM-0434-0001.jpeg,0,IM-0434
train/NORMAL/IM-0435-0001-0001.jpeg,0,IM-0435
train/NORMAL/IM-0435-0001.jpeg,0,IM-0435
train/NORMAL/IM-0437-0001-0001.jpeg,0,IM-0437
train/NORMAL/IM-0437-0001-0002.jpeg,0,IM-0437
train/NORMAL/IM-0437-0001.jpeg,0,IM-0437
train/NORMAL/IM-0438-0001.jpeg,0,IM-0438
train/NORMAL/IM-0439-0001-0001.jpeg,0,IM-0439
train/NORMAL/IM-0439-0001-0002.jpeg,0,IM-0439
train/NORMAL/IM-0439-0001.jpeg,0,IM-0439
train/NORMAL/IM-0440-0001.jpeg,0,IM-0440
train/NORMAL/IM-0441-0001.jpeg,0,IM-0441
train/NORMAL/IM-0444-0001.jpeg,0,IM-0444
train/NORMAL/IM-0445-0001.jpeg,0,IM-0445
train/NORMAL/IM-0446-0001.jpeg,0,IM-0446
train/NORMAL/IM-0447-0001.jpeg,0,IM-0447
train/NORMAL/IM-0448-0001.jpeg,0,IM-0448
train/NORMAL/IM-0449-0001.jpeg,0,IM-0449
train/NORMAL/IM-0450-0001.jpeg,0,IM-0450
train/NORMAL/IM-0451-0001.jpeg,0,IM-0451
train/NORMAL/IM-0452-0001.jpeg,0,IM-0452
train/NORMAL/IM-0453-0001-0002.jpeg,0,IM-0453
train/NORMAL/IM-0453-0001.jpeg,0,IM-0453
train/NORMAL/IM-0455-0001.jpeg,0,IM-0455
train/NORMAL/IM-0456-0001.jpeg,0,IM-0456
train/NORMAL/IM-0457-0001.jpeg,0,IM-0457
train/NORMAL/IM-0458-0001.jpeg,0,IM-0458
train/NORMAL/IM-0459-0001.jpeg,0,IM-0459
train/NORMAL/IM-0460-0001.jpeg,0,IM-0460
train/NORMAL/IM-0463-0001.jpeg,0,IM-0463
train/NORMAL/IM-0464-0001.jpeg,0,IM-0464
train/NORMAL/IM-0465-0001.jpeg,0,IM-0465
train/NORMAL/IM-0469-0001.jpeg,0,IM-0469
train/NORMAL/IM-0473-0001.jpeg,0,IM-0473
train/NORMAL/IM-0474-0001.jpeg,0,IM-0474
train/NORMAL/IM-0475-0001.jpeg,0,IM-0475
train/NORMAL/IM-0476-0001.jpeg,0,IM-0476
train/NORMAL/IM-0477-0001.jpeg,0,IM-0477
train/NORMAL/IM-0478-0001.jpeg,0,IM-0478
train/NORMAL/IM-0479-0001.jpeg,0,IM-0479
train/NORMAL/IM-0480-0001.jpeg,0,IM-0480
train/NORMAL/IM-0481-0001.jpeg,0,IM-0481
train/NORMAL/IM-0483-0001.jpeg,0,IM-0483
train/NORMAL/IM-0484-0001.jpeg,0,IM-0484
train/NORMAL/IM-0485-0001.jpeg,0,IM-0485
train/NORMAL/IM-0486-0001.jpeg,0,IM-0486
train/NORMAL/IM-0487-0001.jpeg,0,IM-0487
train/NORMAL/IM-0488-0001.jpeg,0,IM-0488
train/NORMAL/IM-0489-0001.jpeg,0,IM-0489
train/NORMAL/IM-0491-0001-0001.jpeg,0,IM-0491
train/NORMAL/IM-0491-0001-0002.jpeg,0,IM-0491
train/NORMAL/IM-0491-0001.jpeg,0,IM-0491
train/NORMAL/IM-0492-0001.jpeg,0,IM-0492
train/NORMAL/IM-0493-0001.jpeg,0,IM-0493
train/NORMAL/IM-0496-0001.jpeg,0,IM-0496
train/NORMAL/IM-0499-0001-0001.jpeg,0,IM-0499
train/NORMAL/IM-0499-0001-0002.jpeg,0,IM-0499
train/NORMAL/IM-0499-0001.jpeg,0,IM-0499
train/NORMAL/IM-0500-0001.jpeg,0,IM-0500
train/NORMAL/IM-0501-0001-0001.jpeg,0,IM-0501
train/NORMAL/IM-0501-0001-0002.jpeg,0,IM-0501
train/NORMAL/IM-0501-0001.jpeg,0,IM-0501
train/NORMAL/IM-0502-0001.jpeg,0,IM-0502
train/NORMAL/IM-0503-0001.jpeg,0,IM-0503
train/NORMAL/IM-0504-0001.jpeg,0,IM-0504
train/NORMAL/IM-0505-0001-0001.jpeg,0,IM-0505
train/NORMAL/IM-0505-0001-0002.jpeg,0,IM-0505
train/NORMAL/IM-0505-0001.jpeg,0,IM-0505
train/NORMAL/IM-0506-0001.jpeg,0,IM-0506
train/NORMAL/IM-0507-0001.jpeg,0,IM-0507
train/NORMAL/IM-0508-0001.jpeg,0,IM-0508
train/NORMAL/IM-0509-0001-0001.jpeg,0,IM-0509
train/NORMAL/IM-0509-0001-0002.jpeg,0,IM-0509
train/NORMAL/IM-0509-0001.jpeg,0,IM-0509
train/NORMAL/IM-0510-0001.jpeg,0,IM-0510
train/NORMAL/IM-0511-0001-0001.jpeg,0,IM-0511
train/NORMAL/IM-0511-0001-0002.jpeg,0,IM-0511
train/NORMAL/IM-0511-0001.jpeg,0,IM-0511
train/NORMAL/IM-0512-0001.jpeg,0,IM-0512
train/NORMAL/IM-0513-0001.jpeg,0,IM-0513
train/NORMAL/IM-0514-0001.jpeg,0,IM-0514
train/NORMAL/IM-0515-0001.jpeg,0,IM-0515
train/NORMAL/IM-0516-0001.jpeg,0,IM-0516
train/NORMAL/IM-0517-0001-0001.jpeg,0,IM-0517
train/NORMAL/IM-0517-0001.jpeg,0,IM-0517
train/NORMAL/IM-0519-0001-0001.jpeg,0,IM-0519
train/NORMAL/IM-0519-0001-0002.jpeg,0,IM-0519
train/NORMAL/IM-0519-0001.jpeg,0,IM-0519
train/NORMAL/IM-0520-0001.jpeg,0,IM-0520
train/NORMAL/IM-0521-0001.jpeg,0,IM-0521
train/NORMAL/IM-0522-0001.jpeg,0,IM-0522
train/NORMAL/IM-0523-0001-0001.jpeg,0,IM-0523
train/NORMAL/IM-0523-0001-0002.jpeg,0,IM-0523
train/NORMAL/IM-0523-0001-0003.jpeg,0,IM-0523
train/NORMAL/IM-0523-0001.jpeg,0,IM-0523
train/NORMAL/IM-0526-0001.jpeg,0,IM-0526
train/NORMAL/IM-0527-0001.jpeg,0,IM-0527
train/NORMAL/IM-0529-0001.jpeg,0,IM-0529
train/NORMAL/IM-0530-0001.jpeg,0,IM-0530
train/NORMAL/IM-0531-0001-0001.jpeg,0,IM-0531
train/NORMAL/IM-0531-0001.jpeg,0,IM-0531
train/NORMAL/IM-0532-0001.jpeg,0,IM-0532
train/NORMAL/IM-0534-0001.jpeg,0,IM-0534
train/NORMAL/IM-0535-0001.jpeg,0,IM-0535
train/NORMAL/IM-0537-0001.jpeg,0,IM-0537
train/NORMAL/IM-0538-0001.jpeg,0,IM-0538
train/NORMAL/IM-0539-0001-0001.jpeg,0,IM-0539
train/NORMAL/IM-0539-0001-0002.jpeg,0,IM-0539
train/NORMAL/IM-0539-0001.jpeg,0,IM-0539
train/NORMAL/IM-0540-0001.jpeg,0,IM-0540
train/NORMAL/IM-0541-0001.jpeg,0,IM-0541
train/NORMAL/IM-0542-0001.jpeg,0,IM-0542
train/NORMAL/IM-0543-0001-0002.jpeg,0,IM-0543
train/NORMAL/IM-0543-0001.jpeg,0,IM-0543
train/NORMAL/IM-0544-0001.jpeg,0,IM-0544
train/NORMAL/IM-0545-0001-0001.jpeg,0,IM-0545
train/NORMAL/IM-0545-0001-0002.jpeg,0,IM-0545
train/NORMAL/IM-0545-0001.jpeg,0,IM-0545
train/NORMAL/IM-0546-0001.jpeg,0,IM-0546
train/NORMAL/IM-0547-0001.jpeg,0,IM-0547
train/NORMAL/IM-0548-0001.jpeg,0,IM-0548
train/NORMAL/IM-0551-0001-0001.jpeg,0,IM-0551
train/NORMAL/IM-0551-0001-0002.jpeg,0,IM-0551
train/NORMAL/IM-0551-0001.jpeg,0,IM-0551
train/NORMAL/IM-0552-0001.jpeg,0,IM-0552
train/NORMAL/IM-0553-0001-0001.jpeg,0,IM-0553
train/NORMAL/IM-0553-0001-0002.jpeg,0,IM-0553
train/NORMAL/IM-0553-0001-0003.jpeg,0,IM-0553
train/NORMAL/IM-0553-0001.jpeg,0,IM-0553
train/NORMAL/IM-0554-0001.jpeg,0,IM-0554
train/NORMAL/IM-0555-0001-0001.jpeg,0,IM-0555
train/NORMAL/IM-0555-0001-0002.jpeg,0,IM-0555
train/NORMAL/IM-0555-0001.jpeg,0,IM-0555
train/NORMAL/IM-0557-0001.jpeg,0,IM-0557
train/NORMAL/IM-0559-0001.jpeg,0,IM-0559
train/NORMAL/IM-0560-0001.jpeg,0,IM-0560
train/NORMAL/IM-0561-0001.jpeg,0,IM-0561
train/NORMAL/IM-0562-0001.jpeg,0,IM-0562
train/NORMAL/IM-0563-0001.jpeg,0,IM-0563
train/NORMAL/IM-0565-0001.jpeg,0,IM-0565
train/NORMAL/IM-0566-0001.jpeg,0,IM-0566
train/NORMAL/IM-0568-0001.jpeg,0,IM-0568
train/NORMAL/IM-0569-0001.jpeg,0,IM-0569
train/NORMAL/IM-0571-0001.jpeg,0,IM-0571
train/NORMAL/IM-0574-0001.jpeg,0,IM-0574
train/NORMAL/IM-0575-0001.jpeg,0,IM-0575
train/NORMAL/IM-0577-0001.jpeg,0,IM-0577
train/NORMAL/IM-0578-0001.jpeg,0,IM-0578
train/NORMAL/IM-0580-0001.jpeg,0,IM-0580
train/NORMAL/IM-0581-0001.jpeg,0,IM-0581
train/NORMAL/IM-0582-0001.jpeg,0,IM-0582
train/NORMAL/IM-0583-0001.jpeg,0,IM-0583
train/NORMAL/IM-0584-0001.jpeg,0,IM-0584
train/NORMAL/IM-0586-0001.jpeg,0,IM-0586
train/NORMAL/IM-0588-0001.jpeg,0,IM-0588
train/NORMAL/IM-0591-0001.jpeg,0,IM-0591
train/NORMAL/IM-0592-0001.jpeg,0,IM-0592
train/NORMAL/IM-0593-0001.jpeg,0,IM-0593
train/NORMAL/IM-0595-0001.jpeg,0,IM-0595
train/NORMAL/IM-0596-0001.jpeg,0,IM-0596
train/NORMAL/IM-0598-0001.jpeg,0,IM-0598
train/NORMAL/IM-0599-0001.jpeg,0,IM-0599
train/NORMAL/IM-0600-0001.jpeg,0,IM-0600
train/NORMAL/IM-0601-0001.jpeg,0,IM-0601
train/NORMAL/IM-0602-0001.jpeg,0,IM-0602
train/NORMAL/IM-0604-0001.jpeg,0,IM-0604
train/NORMAL/IM-0605-0001.jpeg,0,IM-0605
train/NORMAL/IM-0607-0001.jpeg,0,IM-0607
train/NORMAL/IM-0608-0001-0001.jpeg,0,IM-0608
train/NORMAL/IM-0608-0001-0002.jpeg,0,IM-0608
train/NORMAL/IM-0608-0001.jpeg,0,IM-0608
train/NORMAL/IM-0609-0001.jpeg,0,IM-0609
train/NORMAL/IM-0612-0001-0001.jpeg,0,IM-0612
train/NORMAL/IM-0612-0001-0002.jpeg,0,IM-0612
train/NORMAL/IM-0612-0001.jpeg,0,IM-0612
train/NORMAL/IM-0613-0001.jpeg,0,IM-0613
train/NORMAL/IM-0614-0001.jpeg,0,IM-0614
train/NORMAL/IM-0615-0001.jpeg,0,IM-0615
train/NORMAL/IM-0616-0001.jpeg,0,IM-0616
train/NORMAL/IM-0618-0001-0001.jpeg,0,IM-0618
train/NORMAL/IM-0618-0001-0002.jpeg,0,IM-0618
train/NORMAL/IM-0618-0001.jpeg,0,IM-0618
train/NORMAL/IM-0619-0001.jpeg,0,IM-0619
train/NORMAL/IM-0620-0001-0001.jpeg,0,IM-0620
train/NORMAL/IM-0620-0001-0002.jpeg,0,IM-0620
train/NORMAL/IM-0620-0001.jpeg,0,IM-0620
train/NORMAL/IM-0623-0001.jpeg,0,IM-0623
train/NORMAL/IM-0624-0001-0002.jpeg,0,IM-0624
train/NORMAL/IM-0624-0001.jpeg,0,IM-0624
train/NORMAL/IM-0625-0001.jpeg,0,IM-0625
train/NORMAL/IM-0626-0001-0001.jpeg,0,IM-0626
train/NORMAL/IM-0626-0001-0002.jpeg,0,IM-0626
train/NORMAL/IM-0627-0001.jpeg,0,IM-0627
train/NORMAL/IM-0628-0001.jpeg,0,IM-0628
train/NORMAL/IM-0629-0001-0001.jpeg,0,IM-0629
train/NORMAL/IM-0629-0001-0002.jpeg,0,IM-0629
train/NORMAL/IM-0629-0001-0003.jpeg,0,IM-0629
train/NORMAL/IM-0629-0001.jpeg,0,IM-0629
train/NORMAL/IM-0630-0001.jpeg,0,IM-0630
train/NORMAL/IM-0631-0001-0001.jpeg,0,IM-0631
train/NORMAL/IM-0631-0001-0002.jpeg,0,IM-0631
train/NORMAL/IM-0631-0001.jpeg,0,IM-0631
train/NORMAL/IM-0632-0001.jpeg,0,IM-0632
train/NORMAL/IM-0633-0001.jpeg,0,IM-0633
train/NORMAL/IM-0634-0001.jpeg,0,IM-0634
train/NORMAL/IM-0635-0001.jpeg,0,IM-0635
train/NORMAL/IM-0636-0001.jpeg,0,IM-0636
train/NORMAL/IM-0637-0001.jpeg,0,IM-0637
train/NORMAL/IM-0640-0001-0001.jpeg,0,IM-0640
train/NORMAL/IM-0640-0001-0002.jpeg,0,IM-0640
train/NORMAL/IM-0640-0001.jpeg,0,IM-0640
train/NORMAL/IM-0641-0001.jpeg,0,IM-0641
train/NORMAL/IM-0642-0001.jpeg,0,IM-0642
train/NORMAL/IM-0643-0001.jpeg,0,IM-0643
train/NORMAL/IM-0644-0001-0001.jpeg,0,IM-0644
train/NORMAL/IM-0644-0001-0002.jpeg,0,IM-0644
train/NORMAL/IM-0644-0001.jpeg,0,IM-0644
train/NORMAL/IM-0645-0001.jpeg,0,IM-0645
train/NORMAL/IM-0646-0001.jpeg,0,IM-0646
train/NORMAL/IM-0647-0001.jpeg,0,IM-0647
train/NORMAL/IM-0649-0001.jpeg,0,IM-0649
train/NORMAL/IM-0651-0001.jpeg,0,IM-0651
train/NORMAL/IM-0652-0001-0002.jpeg,0,IM-0652
train/NORMAL/IM-0652-0001.jpeg,0,IM-0652
train/NORMAL/IM-0655-0001.jpeg,0,IM-0655
train/NORMAL/IM-0656-0001-0001.jpeg,0,IM-0656
train/NORMAL/IM-0656-0001-0002.jpeg,0,IM-0656
train/NORMAL/IM-0656-0001.jpeg,0,IM-0656
train/NORMAL/IM-0657-0001.jpeg,0,IM-0657
train/NORMAL/IM-0658-0001.jpeg,0,IM-0658
train/NORMAL/IM-0659-0001.jpeg,0,IM-0659
train/NORMAL/IM-0660-0001-0001.jpeg,0,IM-0660
train/NORMAL/IM-0660-0001-0002.jpeg,0,IM-0660
train/NORMAL/IM-0660-0001.jpeg,0,IM-0660
train/NORMAL/IM-0661-0001.jpeg,0,IM-0661
train/NORMAL/IM-0663-0001.jpeg,0,IM-0663
train/NORMAL/IM-0664-0001.jpeg,0,IM-0664
train/NORMAL/IM-0665-0001.jpeg,0,IM-0665
train/NORMAL/IM-0666-0001-0001.jpeg,0,IM-0666
train/NORMAL/IM-0666-0001-0002.jpeg,0,IM-0666
train/NORMAL/IM-0666-0001.jpeg,0,IM-0666
train/NORMAL/IM-0667-0001.jpeg,0,IM-0667
train/NORMAL/IM-0668-0001.jpeg,0,IM-0668
train/NORMAL/IM-0669-0001.jpeg,0,IM-0669
train/NORMAL/IM-0671-0001.jpeg,0,IM-0671
train/NORMAL/IM-0672-0001.jpeg,0,IM-0672
train/NORMAL/IM-0673-0001.jpeg,0,IM-0673
train/NORMAL/IM-0676-0001.jpeg,0,IM-0676
train/NORMAL/IM-0677-0001.jpeg,0,IM-0677
train/NORMAL/IM-0678-0001.jpeg,0,IM-0678
train/NORMAL/IM-0679-0001.jpeg,0,IM-0679
train/NORMAL/IM-0681-0001.jpeg,0,IM-0681
train/NORMAL/IM-0682-0001.jpeg,0,IM-0682
train/NORMAL/IM-0683-0001.jpeg,0,IM-0683
train/NORMAL/IM-0684-0001.jpeg,0,IM-0684
train/NORMAL/IM-0685-0001.jpeg,0,IM-0685
train/NORMAL/IM-0686-0001.jpeg,0,IM-0686
train/NORMAL/IM-0688-0001.jpeg,0,IM-0688
train/NORMAL/IM-0691-0001.jpeg,0,IM-0691
train/NORMAL/IM-0692-0001.jpeg,0,IM-0692
train/NORMAL/IM-0693-0001.jpeg,0,IM-0693
train/NORMAL/IM-0694-0001.jpeg,0,IM-0694
train/NORMAL/IM-0695-0001.jpeg,0,IM-0695
train/NORMAL/IM-0696-0001.jpeg,0,IM-0696
train/NORMAL/IM-0698-0001.jpeg,0,IM-0698
train/NORMAL/IM-0700-0001.jpeg,0,IM-0700
train/NORMAL/IM-0702-0001.jpeg,0,IM-0702
train/NORMAL/IM-0703-0001.jpeg,0,IM-0703
train/NORMAL/IM-0704-0001.jpeg,0,IM-0704
train/NORMAL/IM-0705-0001.jpeg,0,IM-0705
train/NORMAL/IM-0706-0001.jpeg,0,IM-0706
train/NORMAL/IM-0707-0001.jpeg,0,IM-0707
train/NORMAL/IM-0710-0001.jpeg,0,IM-0710
train/NORMAL/IM-0711-0001.jpeg,0,IM-0711
train/NORMAL/IM-0712-0001.jpeg,0,IM-0712
train/NORMAL/IM-0714-0001.jpeg,0,IM-0714
train/NORMAL/IM-0716-0001.jpeg,0,IM-0716
train/NORMAL/IM-0717-0001.jpeg,0,IM-0717
train/NORMAL/IM-0718-0001.jpeg,0,IM-0718
train/NORMAL/IM-0719-0001.jpeg,0,IM-0719
train/NORMAL/IM-0721-0001.jpeg,0,IM-0721
train/NORMAL/IM-0722-0001.jpeg,0,IM-0722
train/NORMAL/IM-0727-0001.jpeg,0,IM-0727
train/NORMAL/IM-0729-0001.jpeg,0,IM-0729
train/NORMAL/IM-0730-0001.jpeg,0,IM-0730
train/NORMAL/IM-0732-0001.jpeg,0,IM-0732
train/NORMAL/IM-0733-0001.jpeg,0,IM-0733
train/NORMAL/IM-0734-0001.jpeg,0,IM-0734
train/NORMAL/IM-0735-0001.jpeg,0,IM-0735
train/NORMAL/IM-0736-0001.jpeg,0,IM-0736
train/NORMAL/IM-0738-0001.jpeg,0,IM-0738
train/NORMAL/IM-0739-0001.jpeg,0,IM-0739
train/NORMAL/IM-0740-0001.jpeg,0,IM-0740
train/NORMAL/IM-0742-0001.jpeg,0,IM-0742
train/NORMAL/IM-0746-0001.jpeg,0,IM-0746
train/NORMAL/IM-0747-0001.jpeg,0,IM-0747
train/NORMAL/IM-0750-0001.jpeg,0,IM-0750
train/NORMAL/IM-0751-0001.jpeg,0,IM-0751
train/NORMAL/IM-0752-0001.jpeg,0,IM-0752
train/NORMAL/IM-0753-0001.jpeg,0,IM-0753
train/NORMAL/IM-0754-0001.jpeg,0,IM-0754
train/NORMAL/IM-0755-0001.jpeg,0,IM-0755
train/NORMAL/IM-0757-0001.jpeg,0,IM-0757
train/NORMAL/IM-0761-0001.jpeg,0,IM-0761
train/NORMAL/IM-0764-0001.jpeg,0,IM-0764
train/NORMAL/IM-0766-0001.jpeg,0,IM-0766
train/NORMAL/NORMAL2-IM-0383-0001.jpeg,0,IM-0383
train/NORMAL/NORMAL2-IM-0384-0001.jpeg,0,IM-0384
train/NORMAL/NORMAL2-IM-0385-0001.jpeg,0,IM-0385
train/NORMAL/NORMAL2-IM-0386-0001.jpeg,0,IM-0386
train/NORMAL/NORMAL2-IM-0388-0001.jpeg,0,IM-0388
train/NORMAL/NORMAL2-IM-0389-0001.jpeg,0,IM-0389
train/NORMAL/NORMAL2-IM-0390-0001.jpeg,0,IM-0390
train/NORMAL/NORMAL2-IM-0391-0001.jpeg,0,IM-0391
train/NORMAL/NORMAL2-IM-0393-0001.jpeg,0,IM-0393
train/NORMAL/NORMAL2-IM-0395-0001-0001.jpeg,0,IM-0395
train/NORMAL/NORMAL2-IM-0395-0001-0002.jpeg,0,IM-0395
train/NORMAL/NORMAL2-IM-0395-0001.jpeg,0,IM-0395
train/NORMAL/NORMAL2-IM-0396-0001.jpeg,0,IM-0396
train/NORMAL/NORMAL2-IM-0397-0001.jpeg,0,IM-0397
train/NORMAL/NORMAL2-IM-0399-0001.jpeg,0,IM-0399
train/NORMAL/NORMAL2-IM-0401-0001.jpeg,0,IM-0401
train/NORMAL/NORMAL2-IM-0404-0001.jpeg,0,IM-0404
train/NORMAL/NORMAL2-IM-0407-0001.jpeg,0,IM-0407
train/NORMAL/NORMAL2-IM-0408-0001.jpeg,0,IM-0408
train/NORMAL/NORMAL2-IM-0409-0001.jpeg,0,IM-0409
train/NORMAL/NORMAL2-IM-0410-0001.jpeg,0,IM-0410
train/NORMAL/NORMAL2-IM-0412-0001.jpeg,0,IM-0412
train/NORMAL/NORMAL2-IM-0413-0001.jpeg,0,IM-0413
train/NORMAL/NORMAL2-IM-0415-0001.jpeg,0,IM-0415
train/NORMAL/NORMAL2-IM-0417-0001.jpeg,0,IM-0417
train/NORMAL/NORMAL2-IM-0418-0001.jpeg,0,IM-0418
train/NORMAL/NORMAL2-IM-0419-0001.jpeg,0,IM-0419
train/NORMAL/NORMAL2-IM-0421-0001.jpeg,0,IM-0421
train/NORMAL/NORMAL2-IM-0423-0001.jpeg,0,IM-0423
train/NORMAL/NORMAL2-IM-0424-0001.jpeg,0,IM-0424
train/NORMAL/NORMAL2-IM-0425-0001.jpeg,0,IM-0425
train/NORMAL/NORMAL2-IM-0427-0001.jpeg,0,IM-0427
train/NORMAL/NORMAL2-IM-0428-0001.jpeg,0,IM-0428
train/NORMAL/NORMAL2-IM-0429-0001.jpeg,0,IM-0429
train/NORMAL/NORMAL2-IM-0433-0001.jpeg,0,IM-0433
train/NORMAL/NORMAL2-IM-0435-0001.jpeg,0,IM-0435
train/NORMAL/NORMAL2-IM-0437-0001.jpeg,0,IM-0437
train/NORMAL/NORMAL2-IM-0439-0001.jpeg,0,IM-0439
train/NORMAL/NORMAL2-IM-0440-0001.jpeg,0,IM-0440
train/NORMAL/NORMAL2-IM-0441-0001.jpeg,0,IM-0441
train/NORMAL/NORMAL2-IM-0443-0001.jpeg,0,IM-0443
train/NORMAL/NORMAL2-IM-0445-0001.jpeg,0,IM-0445
train/NORMAL/NORMAL2-IM-0447-0001.jpeg,0,IM-0447
train/NORMAL/NORMAL2-IM-0448-0001.jpeg,0,IM-0448
train/NORMAL/NORMAL2-IM-0449-0001.jpeg,0,IM-0449
train/NORMAL/NORMAL2-IM-0450-0001.jpeg,0,IM-0450
train/NORMAL/NORMAL2-IM-0451-0001.jpeg,0,IM-0451
train/NORMAL/NORMAL2-IM-0452-0001.jpeg,0,IM-0452
train/NORMAL/NORMAL2-IM-0453-0001.jpeg,0,IM-0453
train/NORMAL/NORMAL2-IM-0454-0001.jpeg,0,IM-0454
train/NORMAL/NORMAL2-IM-0455-0001.jpeg,0,IM-0455
train/NORMAL/NORMAL2-IM-0456-0001.jpeg,0,IM-0456
train/NORMAL/NORMAL2-IM-0458-0001.jpeg,0,IM-0458
train/NORMAL/NORMAL2-IM-0460-0001.jpeg,0,IM-0460
train/NORMAL/NORMAL2-IM-0462-0001.jpeg,0,IM-0462
train/NORMAL/NORMAL2-IM-0463-0001.jpeg,0,IM-0463
train/NORMAL/NORMAL2-IM-0464-0001.jpeg,0,IM-0464
train/NORMAL/NORMAL2-IM-0465-0001.jpeg,0,IM-0465
train/NORMAL/NORMAL2-IM-0468-0001.jpeg,0,IM-0468
train/NORMAL/NORMAL2-IM-0473-0001.jpeg,0,IM-0473
train/NORMAL/NORMAL2-IM-0474-0001.jpeg,0,IM-0474
train/NORMAL/NORMAL2-IM-0475-0001.jpeg,0,IM-0475
train/NORMAL/NORMAL2-IM-0476-0001.jpeg,0,IM-0476
train/NORMAL/NORMAL2-IM-0478-0001.jpeg,0,IM-0478
train/NORMAL/NORMAL2-IM-0479-0001.jpeg,0,IM-0479
train/NORMAL/NORMAL2-IM-0480-0001.jpeg,0,IM-0480
train/NORMAL/NORMAL2-IM-0481-0001.jpeg,0,IM-0481
train/NORMAL/NORMAL2-IM-0485-0001.jpeg,0,IM-0485
train/NORMAL/NORMAL2-IM-0486-0001.jpeg,0,IM-0486
train/NORMAL/NORMAL2-IM-0487-0001.jpeg,0,IM-0487
train/NORMAL/NORMAL2-IM-0488-0001.jpeg,0,IM-0488
train/NORMAL/NORMAL2-IM-0489-0001.jpeg,0,IM-0489
train/NORMAL/NORMAL2-IM-0491-0001.jpeg,0,IM-0491
train/NORMAL/NORMAL2-IM-0493-0001.jpeg,0,IM-0493
train/NORMAL/NORMAL2-IM-0496-0001.jpeg,0,IM-0496
train/NORMAL/NORMAL2-IM-0499-0001.jpeg,0,IM-0499
train/NORMAL/NORMAL2-IM-0500-0001.jpeg,0,IM-0500
train/NORMAL/NORMAL2-IM-0501-0001.jpeg,0,IM-0501
train/NORMAL/NORMAL2-IM-0502-0001.jpeg,0,IM-0502
train/NORMAL/NORMAL2-IM-0503-0001.jpeg,0,IM-0503
train/NORMAL/NORMAL2-IM-0506-0001.jpeg,0,IM-0506
train/NORMAL/NORMAL2-IM-0507-0001.jpeg,0,IM-0507
train/NORMAL/NORMAL2-IM-0508-0001.jpeg,0,IM-0508
train/NORMAL/NORMAL2-IM-0509-0001.jpeg,0,IM-0509
train/NORMAL/NORMAL2-IM-0511-0001.jpeg,0,IM-0511
train/NORMAL/NORMAL2-IM-0512-0001.jpeg,0,IM-0512
train/NORMAL/NORMAL2-IM-0513-0001.jpeg,0,IM-0513
train/NORMAL/NORMAL2-IM-0515-0001.jpeg,0,IM-0515
train/NORMAL/NORMAL2-IM-0516-0001.jpeg,0,IM-0516
train/NORMAL/NORMAL2-IM-0517-0001.jpeg,0,IM-0517
train/NORMAL/NORMAL2-IM-0518-0001.jpeg,0,IM-0518
train/NORMAL/NORMAL2-IM-0520-0001.jpeg,0,IM-0520
train/NORMAL/NORMAL2-IM-0521-0001.jpeg,0,IM-0521
train/NORMAL/NORMAL2-IM-0522-0001.jpeg,0,IM-0522
train/NORMAL/NORMAL2-IM-0523-0001.jpeg,0,IM-0523
train/NORMAL/NORMAL2-IM-0526-0001.jpeg,0,IM-0526
train/NORMAL/NORMAL2-IM-0529-0001.jpeg,0,IM-0529
train/NORMAL/NORMAL2-IM-0530-0001.jpeg,0,IM-0530
train/NORMAL/NORMAL2-IM-0531-0001.jpeg,0,IM-0531
train/NORMAL/NORMAL2-IM-0535-0001-0002.jpeg,0,IM-0535
train/NORMAL/NORMAL2-IM-0535-0001.jpeg,0,IM-0535
train/NORMAL/NORMAL2-IM-0537-0001.jpeg,0,IM-0537
train/NORMAL/NORMAL2-IM-0539-0001.jpeg,0,IM-0539
train/NORMAL/NORMAL2-IM-0540-0001.jpeg,0,IM-0540
train/NORMAL/NORMAL2-IM-0541-0001.jpeg,0,IM-0541
train/NORMAL/NORMAL2-IM-0543-0001.jpeg,0,IM-0543
train/NORMAL/NORMAL2-IM-0545-0001.jpeg,0,IM-0545
train/NORMAL/NORMAL2-IM-0547-0001.jpeg,0,IM-0547
train/NORMAL/NORMAL2-IM-0550-0001.jpeg,0,IM-0550
train/NORMAL/NORMAL2-IM-0551-0001.jpeg,0,IM-0551
train/NORMAL/NORMAL2-IM-0552-0001.jpeg,0,IM-0552
train/NORMAL/NORMAL2-IM-0553-0001.jpeg,0,IM-0553
train/NORMAL/NORMAL2-IM-0554-0001.jpeg,0,IM-0554
train/NORMAL/NORMAL2-IM-0555-0001-0001.jpeg,0,IM-0555
train/NORMAL/NORMAL2-IM-0555-0001-0002.jpeg,0,IM-0555
train/NORMAL/NORMAL2-IM-0555-0001.jpeg,0,IM-0555
train/NORMAL/NORMAL2-IM-0557-0001.jpeg,0,IM-0557
train/NORMAL/NORMAL2-IM-0558-0001.jpeg,0,IM-0558
train/NORMAL/NORMAL2-IM-0559-0001.jpeg,0,IM-0559
train/NORMAL/NORMAL2-IM-0561-0001.jpeg,0,IM-0561
train/NORMAL/NORMAL2-IM-0563-0001.jpeg,0,IM-0563
train/NORMAL/NORMAL2-IM-0566-0001.jpeg,0,IM-0566
train/NORMAL/NORMAL2-IM-0567-0001.jpeg,0,IM-0567
train/NORMAL/NORMAL2-IM-0568-0001.jpeg,0,IM-0568
train/NORMAL/NORMAL2-IM-0569-0001.jpeg,0,IM-0569
train/NORMAL/NORMAL2-IM-0571-0001.jpeg,0,IM-0571
train/NORMAL/NORMAL2-IM-0572-0001.jpeg,0,IM-0572
train/NORMAL/NORMAL2-IM-0575-0001.jpeg,0,IM-0575
train/NORMAL/NORMAL2-IM-0576-0001.jpeg,0,IM-0576
train/NORMAL/NORMAL2-IM-0577-0001.jpeg,0,IM-0577
train/NORMAL/NORMAL2-IM-0578-0001.jpeg,0,IM-0578
train/NORMAL/NORMAL2-IM-0580-0001.jpeg,0,IM-0580
train/NORMAL/NORMAL2-IM-0582-0001.jpeg,0,IM-0582
train/NORMAL/NORMAL2-IM-0583-0001.jpeg,0,IM-0583
train/NORMAL/NORMAL2-IM-0585-0001.jpeg,0,IM-0585
train/NORMAL/NORMAL2-IM-0588-0001.jpeg,0,IM-0588
train/NORMAL/NORMAL2-IM-0589-0001.jpeg,0,IM-0589
train/NORMAL/NORMAL2-IM-0592-0001.jpeg,0,IM-0592
train/NORMAL/NORMAL2-IM-0594-0001.jpeg,0,IM-0594
train/NORMAL/NORMAL2-IM-0595-0001.jpeg,0,IM-0595
train/NORMAL/NORMAL2-IM-0596-0001.jpeg,0,IM-0596
train/NORMAL/NORMAL2-IM-0599-0001.jpeg,0,IM-0599
train/NORMAL/NORMAL2-IM-0600-0001.jpeg,0,IM-0600
train/NORMAL/NORMAL2-IM-0601-0001.jpeg,0,IM-0601
train/NORMAL/NORMAL2-IM-0602-0001.jpeg,0,IM-0602
train/NORMAL/NORMAL2-IM-0603-0001.jpeg,0,IM-0603
train/NORMAL/NORMAL2-IM-0604-0001.jpeg,0,IM-0604
train/NORMAL/NORMAL2-IM-0609-0001.jpeg,0,IM-0609
train/NORMAL/NORMAL2-IM-0611-0001.jpeg,0,IM-0611
train/NORMAL/NORMAL2-IM-0616-0001.jpeg,0,IM-0616
train/NORMAL/NORMAL2-IM-0618-0001.jpeg,0,IM-0618
train/NORMAL/NORMAL2-IM-0619-0001.jpeg,0,IM-0619
train/NORMAL/NORMAL2-IM-0620-0001.jpeg,0,IM-0620
train/NORMAL/NORMAL2-IM-0623-0001.jpeg,0,IM-0623
train/NORMAL/NORMAL2-IM-0626-0001.jpeg,0,IM-0626
train/NORMAL/NORMAL2-IM-0627-0001.jpeg,0,IM-0627
train/NORMAL/NORMAL2-IM-0629-0001.jpeg,0,IM-0629
train/NORMAL/NORMAL2-IM-0630-0001.jpeg,0,IM-0630
train/NORMAL/NORMAL2-IM-0633-0001.jpeg,0,IM-0633
train/NORMAL/NORMAL2-IM-0634-0001.jpeg,0,IM-0634
train/NORMAL/NORMAL2-IM-0635-0001.jpeg,0,IM-0635
train/NORMAL/NORMAL2-IM-0636-0001.jpeg,0,IM-0636
train/NORMAL/NORMAL2-IM-0637-0001.jpeg,0,IM-0637
train/NORMAL/NORMAL2-IM-0640-0001.jpeg,0,IM-0640
train/NORMAL/NORMAL2-IM-0641-0001.jpeg,0,IM-0641
train/NORMAL/NORMAL2-IM-0642-0001.jpeg,0,IM-0642
train/NORMAL/NORMAL2-IM-0643-0001.jpeg,0,IM-0643
train/NORMAL/NORMAL2-IM-0645-0001.jpeg,0,IM-0645
train/NORMAL/NORMAL2-IM-0647-0001.jpeg,0,IM-0647
train/NORMAL/NORMAL2-IM-0649-0001.jpeg,0,IM-0649
train/NORMAL/NORMAL2-IM-0651-0001.jpeg,0,IM-0651
train/NORMAL/NORMAL2-IM-0651-0004.jpeg,0,IM-0651
train/NORMAL/NORMAL2-IM-0652-0001.jpeg,0,IM-0652
train/NORMAL/NORMAL2-IM-0655-0001.jpeg,0,IM-0655
train/NORMAL/NORMAL2-IM-0657-0001.jpeg,0,IM-0657
train/NORMAL/NORMAL2-IM-0659-0001.jpeg,0,IM-0659
train/NORMAL/NORMAL2-IM-0660-0001.jpeg,0,IM-0660
train/NORMAL/NORMAL2-IM-0661-0001.jpeg,0,IM-0661
train/NORMAL/NORMAL2-IM-0663-0001.jpeg,0,IM-0663
train/NORMAL/NORMAL2-IM-0664-0001.jpeg,0,IM-0664
train/NORMAL/NORMAL2-IM-0665-0001.jpeg,0,IM-0665
train/NORMAL/NORMAL2-IM-0666-0001.jpeg,0,IM-0666
train/NORMAL/NORMAL2-IM-0667-0001.jpeg,0,IM-0667
train/NORMAL/NORMAL2-IM-0668-0001.jpeg,0,IM-0668
train/NORMAL/NORMAL2-IM-0669-0001.jpeg,0,IM-0669
train/NORMAL/NORMAL2-IM-0671-0001.jpeg,0,IM-0671
train/NORMAL/NORMAL2-IM-0672-0001.jpeg,0,IM-0672
train/NORMAL/NORMAL2-IM-0673-0001.jpeg,0,IM-0673
train/NORMAL/NORMAL2-IM-0678-0001.jpeg,0,IM-0678
train/NORMAL/NORMAL2-IM-0682-0001.jpeg,0,IM-0682
train/NORMAL/NORMAL2-IM-0683-0001.jpeg,0,IM-0683
train/NORMAL/NORMAL2-IM-0684-0001-0001.jpeg,0,IM-0684
train/NORMAL/NORMAL2-IM-0686-0001.jpeg,0,IM-0686
train/NORMAL/NORMAL2-IM-0690-0001.jpeg,0,IM-0690
train/NORMAL/NORMAL2-IM-0692-0001.jpeg,0,IM-0692
train/NORMAL/NORMAL2-IM-0693-0001.jpeg,0,IM-0693
train/NORMAL/NORMAL2-IM-0694-0001.jpeg,0,IM-0694
train/NORMAL/NORMAL2-IM-0695-0001.jpeg,0,IM-0695
train/NORMAL/NORMAL2-IM-0696-0001.jpeg,0,IM-0696
train/NORMAL/NORMAL2-IM-0698-0001.jpeg,0,IM-0698
train/NORMAL/NORMAL2-IM-0699-0001.jpeg,0,IM-0699
train/NORMAL/NORMAL2-IM-0700-0001.jpeg,0,IM-0700
train/NORMAL/NORMAL2-IM-0702-0001.jpeg,0,IM-0702
train/NORMAL/NORMAL2-IM-0705-0001.jpeg,0,IM-0705
train/NORMAL/NORMAL2-IM-0707-0001.jpeg,0,IM-0707
train/NORMAL/NORMAL2-IM-0718-0001.jpeg,0,IM-0718
train/NORMAL/NORMAL2-IM-0719-0001.jpeg,0,IM-0719
train/NORMAL/NORMAL2-IM-0725-0001.jpeg,0,IM-0725
train/NORMAL/NORMAL2-IM-0727-0001.jpeg,0,IM-0727
train/NORMAL/NORMAL2-IM-0730-0001.jpeg,0,IM-0730
train/NORMAL/NORMAL2-IM-0736-0001.jpeg,0,IM-0736
train/NORMAL/NORMAL2-IM-0744-0001.jpeg,0,IM-0744
train/NORMAL/NORMAL2-IM-0746-0001.jpeg,0,IM-0746
train/NORMAL/NORMAL2-IM-0749-0001.jpeg,0,IM-0749
train/NORMAL/NORMAL2-IM-0753-0001.jpeg,0,IM-0753
train/NORMAL/NORMAL2-IM-0757-0001.jpeg,0,IM-0757
train/NORMAL/NORMAL2-IM-0765-0001.jpeg,0,IM-0765
train/NORMAL/NORMAL2-IM-0771-0001.jpeg,0,IM-0771
train/NORMAL/NORMAL2-IM-0772-0001.jpeg,0,IM-0772
train/NORMAL/NORMAL2-IM-0774-0001.jpeg,0,IM-0774
train/NORMAL/NORMAL2-IM-0776-0001.jpeg,0,IM-0776
train/NORMAL/NORMAL2-IM-0777-0001.jpeg,0,IM-0777
train/NORMAL/NORMAL2-IM-0781-0001.jpeg,0,IM-0781
train/NORMAL/NORMAL2-IM-0790-0001.jpeg,0,IM-0790
train/NORMAL/NORMAL2-IM-0793-0001.jpeg,0,IM-0793
train/NORMAL/NORMAL2-IM-0796-0001.jpeg,0,IM-0796
train/NORMAL/NORMAL2-IM-0797-0001.jpeg,0,IM-0797
train/NORMAL/NORMAL2-IM-0798-0001.jpeg,0,IM-0798
train/NORMAL/NORMAL2-IM-0799-0001.jpeg,0,IM-0799
train/NORMAL/NORMAL2-IM-0803-0001.jpeg,0,IM-0803
train/NORMAL/NORMAL2-IM-0806-0001.jpeg,0,IM-0806
train/NORMAL/NORMAL2-IM-0807-0001.jpeg,0,IM-0807
train/NORMAL/NORMAL2-IM-0808-0001.jpeg,0,IM-0808
train/NORMAL/NORMAL2-IM-0809-0001.jpeg,0,IM-0809
train/NORMAL/NORMAL2-IM-0810-0001.jpeg,0,IM-0810
train/NORMAL/NORMAL2-IM-0811-0001.jpeg,0,IM-0811
train/NORMAL/NORMAL2-IM-0812-0001.jpeg,0,IM-0812
train/NORMAL/NORMAL2-IM-0814-0001.jpeg,0,IM-0814
train/NORMAL/NORMAL2-IM-0815-0001.jpeg,0,IM-0815
train/NORMAL/NORMAL2-IM-0818-0001-0002.jpeg,0,IM-0818
train/NORMAL/NORMAL2-IM-0818-0001.jpeg,0,IM-0818
train/NORMAL/NORMAL2-IM-0820-0001.jpeg,0,IM-0820
train/NORMAL/NORMAL2-IM-0821-0001.jpeg,0,IM-0821
train/NORMAL/NORMAL2-IM-0826-0001.jpeg,0,IM-0826
train/NORMAL/NORMAL2-IM-0827-0001.jpeg,0,IM-0827
train/NORMAL/NORMAL2-IM-0828-0001.jpeg,0,IM-0828
train/NORMAL/NORMAL2-IM-0829-0001.jpeg,0,IM-0829
train/NORMAL/NORMAL2-IM-0830-0001.jpeg,0,IM-0830
train/NORMAL/NORMAL2-IM-0831-0001.jpeg,0,IM-0831
train/NORMAL/NORMAL2-IM-0832-0001-0001.jpeg,0,IM-0832
train/NORMAL/NORMAL2-IM-0832-0001-0002.jpeg,0,IM-0832
train/NORMAL/NORMAL2-IM-0832-0001.jpeg,0,IM-0832
train/NORMAL/NORMAL2-IM-0833-0001.jpeg,0,IM-0833
train/NORMAL/NORMAL2-IM-0834-0001.jpeg,0,IM-0834
train/NORMAL/NORMAL2-IM-0837-0001.jpeg,0,IM-0837
train/NORMAL/NORMAL2-IM-0838-0001.jpeg,0,IM-0838
train/NORMAL/NORMAL2-IM-0839-0001.jpeg,0,IM-0839
train/NORMAL/NORMAL2-IM-0840-0001.jpeg,0,IM-0840
train/NORMAL/NORMAL2-IM-0841-0001.jpeg,0,IM-0841
train/NORMAL/NORMAL2-IM-0843-0001.jpeg,0,IM-0843
train/NORMAL/NORMAL2-IM-0845-0001.jpeg,0,IM-0845
train/NORMAL/NORMAL2-IM-0846-0001.jpeg,0,IM-0846
train/NORMAL/NORMAL2-IM-0847-0001.jpeg,0,IM-0847
train/NORMAL/NORMAL2-IM-0848-0001.jpeg,0,IM-0848
train/NORMAL/NORMAL2-IM-0849-0001.jpeg,0,IM-0849
train/NORMAL/NORMAL2-IM-0851-0001-0001.jpeg,0,IM-0851
train/NORMAL/NORMAL2-IM-0851-0001-0002.jpeg,0,IM-0851
train/NORMAL/NORMAL2-IM-0851-0001.jpeg,0,IM-0851
train/NORMAL/NORMAL2-IM-0852-0001.jpeg,0,IM-0852
train/NORMAL/NORMAL2-IM-0853-0001.jpeg,0,IM-0853
train/NORMAL/NORMAL2-IM-0854-0001.jpeg,0,IM-0854
train/NORMAL/NORMAL2-IM-0855-0001.jpeg,0,IM-0855
train/NORMAL/NORMAL2-IM-0856-0001.jpeg,0,IM-0856
train/NORMAL/NORMAL2-IM-0857-0001.jpeg,0,IM-0857
train/NORMAL/NORMAL2-IM-0858-0001.jpeg,0,IM-0858
train/NORMAL/NORMAL2-IM-0859-0001.jpeg,0,IM-0859
train/NORMAL/NORMAL2-IM-0860-0001.jpeg,0,IM-0860
train/NORMAL/NORMAL2-IM-0862-0001.jpeg,0,IM-0862
train/NORMAL/NORMAL2-IM-0863-0001.jpeg,0,IM-0863
train/NORMAL/NORMAL2-IM-0865-0001.jpeg,0,IM-0865
train/NORMAL/NORMAL2-IM-0866-0001.jpeg,0,IM-0866
train/NORMAL/NORMAL2-IM-0867-0001.jpeg,0,IM-0867
train/NORMAL/NORMAL2-IM-0868-0001.jpeg,0,IM-0868
train/NORMAL/NORMAL2-IM-0869-0001.jpeg,0,IM-0869
train/NORMAL/NORMAL2-IM-0870-0001.jpeg,0,IM-0870
train/NORMAL/NORMAL2-IM-0873-0001.jpeg,0,IM-0873
train/NORMAL/NORMAL2-IM-0874-0001.jpeg,0,IM-0874
train/NORMAL/NORMAL2-IM-0875-0001.jpeg,0,IM-0875
train/NORMAL/NORMAL2-IM-0876-0001.jpeg,0,IM-0876
train/NORMAL/NORMAL2-IM-0879-0001.jpeg,0,IM-0879
train/NORMAL/NORMAL2-IM-0880-0001.jpeg,0,IM-0880
train/NORMAL/NORMAL2-IM-0881-0001.jpeg,0,IM-0881
train/NORMAL/NORMAL2-IM-0885-0001.jpeg,0,IM-0885
train/NORMAL/NORMAL2-IM-0886-0001.jpeg,0,IM-0886
train/NORMAL/NORMAL2-IM-0887-0001.jpeg,0,IM-0887
train/NORMAL/NORMAL2-IM-0888-0001.jpeg,0,IM-0888
train/NORMAL/NORMAL2-IM-0890-0001.jpeg,0,IM-0890
train/NORMAL/NORMAL2-IM-0893-0001.jpeg,0,IM-0893
train/NORMAL/NORMAL2-IM-0894-0001.jpeg,0,IM-0894
train/NORMAL/NORMAL2-IM-0895-0001.jpeg,0,IM-0895
train/NORMAL/NORMAL2-IM-0896-0001.jpeg,0,IM-0896
train/NORMAL/NORMAL2-IM-0897-0001.jpeg,0,IM-0897
train/NORMAL/NORMAL2-IM-0898-0001.jpeg,0,IM-0898
train/NORMAL/NORMAL2-IM-0899-0001.jpeg,0,IM-0899
train/NORMAL/NORMAL2-IM-0900-0001.jpeg,0,IM-0900
train/NORMAL/NORMAL2-IM-0903-0001.jpeg,0,IM-0903
train/NORMAL/NORMAL2-IM-0906-0001.jpeg,0,IM-0906
train/NORMAL/NORMAL2-IM-0907-0001.jpeg,0,IM-0907
train/NORMAL/NORMAL2-IM-0908-0001.jpeg,0,IM-0908
train/NORMAL/NORMAL2-IM-0909-0001.jpeg,0,IM-0909
train/NORMAL/NORMAL2-IM-0910-0001.jpeg,0,IM-0910
train/NORMAL/NORMAL2-IM-0911-0001.jpeg,0,IM-0911
train/NORMAL/NORMAL2-IM-0912-0001.jpeg,0,IM-0912
train/NORMAL/NORMAL2-IM-0913-0001.jpeg,0,IM-0913
train/NORMAL/NORMAL2-IM-0914-0001.jpeg,0,IM-0914
train/NORMAL/NORMAL2-IM-0915-0001.jpeg,0,IM-0915
train/NORMAL/NORMAL2-IM-0917-0001.jpeg,0,IM-0917
train/NORMAL/NORMAL2-IM-0918-0001.jpeg,0,IM-0918
train/NORMAL/NORMAL2-IM-0922-0001.jpeg,0,IM-0922
train/NORMAL/NORMAL2-IM-0923-0001.jpeg,0,IM-0923
train/NORMAL/NORMAL2-IM-0924-0001.jpeg,0,IM-0924
train/NORMAL/NORMAL2-IM-0925-0001.jpeg,0,IM-0925
train/NORMAL/NORMAL2-IM-0926-0001.jpeg,0,IM-0926
train/NORMAL/NORMAL2-IM-0927-0001.jpeg,0,IM-0927
train/NORMAL/NORMAL2-IM-0929-0001.jpeg,0,IM-0929
train/NORMAL/NORMAL2-IM-0930-0001.jpeg,0,IM-0930
train/NORMAL/NORMAL2-IM-0932-0001.jpeg,0,IM-0932
train/NORMAL/NORMAL2-IM-0933-0001.jpeg,0,IM-0933
train/NORMAL/NORMAL2-IM-0934-0001.jpeg,0,IM-0934
train/NORMAL/NORMAL2-IM-0935-0001.jpeg,0,IM-0935
train/NORMAL/NORMAL2-IM-0937-0001.jpeg,0,IM-0937
train/NORMAL/NORMAL2-IM-0939-0001.jpeg,0,IM-0939
train/NORMAL/NORMAL2-IM-0941-0001.jpeg,0,IM-0941
train/NORMAL/NORMAL2-IM-0944-0001.jpeg,0,IM-0944
train/NORMAL/NORMAL2-IM-0945-0001.jpeg,0,IM-0945
train/NORMAL/NORMAL2-IM-0947-0001.jpeg,0,IM-0947
train/NORMAL/NORMAL2-IM-0948-0001.jpeg,0,IM-0948
train/NORMAL/NORMAL2-IM-0949-0001.jpeg,0,IM-0949
train/NORMAL/NORMAL2-IM-0950-0001.jpeg,0,IM-0950
train/NORMAL/NORMAL2-IM-0951-0001.jpeg,0,IM-0951
train/NORMAL/NORMAL2-IM-0952-0001.jpeg,0,IM-0952
train/NORMAL/NORMAL2-IM-0954-0001.jpeg,0,IM-0954
train/NORMAL/NORMAL2-IM-0956-0001.jpeg,0,IM-0956
train/NORMAL/NORMAL2-IM-0957-0001.jpeg,0,IM-0957
train/NORMAL/NORMAL2-IM-0959-0001.jpeg,0,IM-0959
train/NORMAL/NORMAL2-IM-0960-0001.jpeg,0,IM-0960
train/NORMAL/NORMAL2-IM-0961-0001.jpeg,0,IM-0961
train/NORMAL/NORMAL2-IM-0962-0001.jpeg,0,IM-0962
train/NORMAL/NORMAL2-IM-0965-0001.jpeg,0,IM-0965
train/NORMAL/NORMAL2-IM-0966-0001.jpeg,0,IM-0966
train/NORMAL/NORMAL2-IM-0967-0001.jpeg,0,IM-0967
train/NORMAL/NORMAL2-IM-0969-0001.jpeg,0,IM-0969
train/NORMAL/NORMAL2-IM-0971-0001-0001.jpeg,0,IM-0971
train/NORMAL/NORMAL2-IM-0971-0001-0002.jpeg,0,IM-0971
train/NORMAL/NORMAL2-IM-0975-0001.jpeg,0,IM-0975
train/NORMAL/NORMAL2-IM-0976-0001.jpeg,0,IM-0976
train/NORMAL/NORMAL2-IM-0977-0001.jpeg,0,IM-0977
train/NORMAL/NORMAL2-IM-0979-0001.jpeg,0,IM-0979
train/NORMAL/NORMAL2-IM-0980-0001.jpeg,0,IM-0980
train/NORMAL/NORMAL2-IM-0981-0001.jpeg,0,IM-0981
train/NORMAL/NORMAL2-IM-0983-0001-0001.jpeg,0,IM-0983
train/NORMAL/NORMAL2-IM-0983-0001-0002.jpeg,0,IM-0983
train/NORMAL/NORMAL2-IM-0983-0001.jpeg,0,IM-0983
train/NORMAL/NORMAL2-IM-0986-0001.jpeg,0,IM-0986
train/NORMAL/NORMAL2-IM-0987-0001.jpeg,0,IM-0987
train/NORMAL/NORMAL2-IM-0988-0001.jpeg,0,IM-0988
train/NORMAL/NORMAL2-IM-0989-0001.jpeg,0,IM-0989
train/NORMAL/NORMAL2-IM-0992-0001.jpeg,0,IM-0992
train/NORMAL/NORMAL2-IM-0993-0001.jpeg,0,IM-0993
train/NORMAL/NORMAL2-IM-0994-0001.jpeg,0,IM-0994
train/NORMAL/NORMAL2-IM-0997-0001.jpeg,0,IM-0997
train/NORMAL/NORMAL2-IM-0998-0001.jpeg,0,IM-0998
train/NORMAL/NORMAL2-IM-0999-0001.jpeg,0,IM-0999
train/NORMAL/NORMAL2-IM-1001-0001.jpeg,0,IM-1001
train/NORMAL/NORMAL2-IM-1002-0001.jpeg,0,IM-1002
train/NORMAL/NORMAL2-IM-1004-0001.jpeg,0,IM-1004
train/NORMAL/NORMAL2-IM-1005-0001.jpeg,0,IM-1005
train/NORMAL/NORMAL2-IM-1006-0001.jpeg,0,IM-1006
train/NORMAL/NORMAL2-IM-1008-0001.jpeg,0,IM-1008
train/NORMAL/NORMAL2-IM-1010-0001.jpeg,0,IM-1010
train/NORMAL/NORMAL2-IM-1014-0001.jpeg,0,IM-1014
train/NORMAL/NORMAL2-IM-1015-0001.jpeg,0,IM-1015
train/NORMAL/NORMAL2-IM-1016-0001.jpeg,0,IM-1016
train/NORMAL/NORMAL2-IM-1017-0001.jpeg,0,IM-1017
train/NORMAL/NORMAL2-IM-1018-0001.jpeg,0,IM-1018
train/NORMAL/NORMAL2-IM-1019-0001.jpeg,0,IM-1019
train/NORMAL/NORMAL2-IM-1020-0001-0001.jpeg,0,IM-1020
train/NORMAL/NORMAL2-IM-1020-0001-0002.jpeg,0,IM-1020
train/NORMAL/NORMAL2-IM-1020-0001.jpeg,0,IM-1020
train/NORMAL/NORMAL2-IM-1022-0001.jpeg,0,IM-1022
train/NORMAL/NORMAL2-IM-1023-0001.jpeg,0,IM-1023
train/NORMAL/NORMAL2-IM-1024-0001.jpeg,0,IM-1024
train/NORMAL/NORMAL2-IM-1025-0001.jpeg,0,IM-1025
train/NORMAL/NORMAL2-IM-1026-0001.jpeg,0,IM-1026
train/NORMAL/NORMAL2-IM-1027-0001.jpeg,0,IM-1027
train/NORMAL/NORMAL2-IM-1028-0001.jpeg,0,IM-1028
train/NORMAL/NORMAL2-IM-1030-0001.jpeg,0,IM-1030
train/NORMAL/NORMAL2-IM-1033-0001.jpeg,0,IM-1033
train/NORMAL/NORMAL2-IM-1035-0001.jpeg,0,IM-1035
train/NORMAL/NORMAL2-IM-1037-0001.jpeg,0,IM-1037
train/NORMAL/NORMAL2-IM-1038-0001.jpeg,0,IM-1038
train/NORMAL/NORMAL2-IM-1039-0001.jpeg,0,IM-1039
train/NORMAL/NORMAL2-IM-1040-0001.jpeg,0,IM-1040
train/NORMAL/NORMAL2-IM-1041-0001.jpeg,0,IM-1041
train/NORMAL/NORMAL2-IM-1043-0001.jpeg,0,IM-1043
train/NORMAL/NORMAL2-IM-1044-0001.jpeg,0,IM-1044
train/NORMAL/NORMAL2-IM-1045-0001.jpeg,0,IM-1045
train/NORMAL/NORMAL2-IM-1046-0001.jpeg,0,IM-1046
train/NORMAL/NORMAL2-IM-1047-0001.jpeg,0,IM-1047
train/NORMAL/NORMAL2-IM-1049-0001.jpeg,0,IM-1049
train/NORMAL/NORMAL2-IM-1050-0001.jpeg,0,IM-1050
train/NORMAL/NORMAL2-IM-1051-0001.jpeg,0,IM-1051
train/NORMAL/NORMAL2-IM-1052-0001.jpeg,0,IM-1052
train/NORMAL/NORMAL2-IM-1055-0001.jpeg,0,IM-1055
train/NORMAL/NORMAL2-IM-1056-0001.jpeg,0,IM-1056
train/NORMAL/NORMAL2-IM-1058-0001.jpeg,0,IM-1058
train/NORMAL/NORMAL2-IM-1059-0001.jpeg,0,IM-1059
train/NORMAL/NORMAL2-IM-1060-0001.jpeg,0,IM-1060
train/NORMAL/NORMAL2-IM-1062-0001.jpeg,0,IM-1062
train/NORMAL/NORMAL2-IM-1064-0001.jpeg,0,IM-1064
train/NORMAL/NORMAL2-IM-1067-0001-0001.jpeg,0,IM-1067
train/NORMAL/NORMAL2-IM-1067-0001.jpeg,0,IM-1067
train/NORMAL/NORMAL2-IM-1073-0001.jpeg,0,IM-1073
train/NORMAL/NORMAL2-IM-1084-0001.jpeg,0,IM-1084
train/NORMAL/NORMAL2-IM-1086-0001.jpeg,0,IM-1086
train/NORMAL/NORMAL2-IM-1088-0001.jpeg,0,IM-1088
train/NORMAL/NORMAL2-IM-1089-0001.jpeg,0,IM-1089
train/NORMAL/NORMAL2-IM-1090-0001.jpeg,0,IM-1090
train/NORMAL/NORMAL2-IM-1091-0001.jpeg,0,IM-1091
train/NORMAL/NORMAL2-IM-1093-0001.jpeg,0,IM-1093
train/NORMAL/NORMAL2-IM-1098-0001.jpeg,0,IM-1098
train/NORMAL/NORMAL2-IM-1100-0001.jpeg,0,IM-1100
train/NORMAL/NORMAL2-IM-1102-0001-0001.jpeg,0,IM-1102
train/NORMAL/NORMAL2-IM-1102-0001-0002.jpeg,0,IM-1102
train/NORMAL/NORMAL2-IM-1102-0001.jpeg,0,IM-1102
train/NORMAL/NORMAL2-IM-1103-0001-0001.jpeg,0,IM-1103
train/NORMAL/NORMAL2-IM-1104-0001.jpeg,0,IM-1104
train/NORMAL/NORMAL2-IM-1105-0001.jpeg,0,IM-1105
train/NORMAL/NORMAL2-IM-1108-0001.jpeg,0,IM-1108
train/NORMAL/NORMAL2-IM-1109-0001.jpeg,0,IM-1109
train/NORMAL/NORMAL2-IM-1110-0001.jpeg,0,IM-1110
train/NORMAL/NORMAL2-IM-1111-0001.jpeg,0,IM-1111
train/NORMAL/NORMAL2-IM-1112-0001.jpeg,0,IM-1112
train/NORMAL/NORMAL2-IM-1113-0001.jpeg,0,IM-1113
train/NORMAL/NORMAL2-IM-1114-0001.jpeg,0,IM-1114
train/NORMAL/NORMAL2-IM-1116-0001-0001.jpeg,0,IM-1116
train/NORMAL/NORMAL2-IM-1116-0001-0002.jpeg,0,IM-1116
train/NORMAL/NORMAL2-IM-1116-0001.jpeg,0,IM-1116
train/NORMAL/NORMAL2-IM-1117-0001.jpeg,0,IM-1117
train/NORMAL/NORMAL2-IM-1118-0001.jpeg,0,IM-1118
train/NORMAL/NORMAL2-IM-1120-0001.jpeg,0,IM-1120
train/NORMAL/NORMAL2-IM-1122-0001.jpeg,0,IM-1122
train/NORMAL/NORMAL2-IM-1123-0001.jpeg,0,IM-1123
train/NORMAL/NORMAL2-IM-1124-0001.jpeg,0,IM-1124
train/NORMAL/NORMAL2-IM-1125-0001.jpeg,0,IM-1125
train/NORMAL/NORMAL2-IM-1126-0001.jpeg,0,IM-1126
train/NORMAL/NORMAL2-IM-1127-0001.jpeg,0,IM-1127
train/NORMAL/NORMAL2-IM-1128-0001-0001.jpeg,0,IM-1128
train/NORMAL/NORMAL2-IM-1128-0001-0002.jpeg,0,IM-1128
train/NORMAL/NORMAL2-IM-1128-0001.jpeg,0,IM-1128
train/NORMAL/NORMAL2-IM-1130-0001.jpeg,0,IM-1130
train/NORMAL/NORMAL2-IM-1134-0001.jpeg,0,IM-1134
train/NORMAL/NORMAL2-IM-1135-0001.jpeg,0,IM-1135
train/NORMAL/NORMAL2-IM-1136-0001.jpeg,0,IM-1136
train/NORMAL/NORMAL2-IM-1138-0001.jpeg,0,IM-1138
train/NORMAL/NORMAL2-IM-1141-0001.jpeg,0,IM-1141
train/NORMAL/NORMAL2-IM-1142-0001-0001.jpeg,0,IM-1142
train/NORMAL/NORMAL2-IM-1142-0001-0002.jpeg,0,IM-1142
train/NORMAL/NORMAL2-IM-1142-0001.jpeg,0,IM-1142
train/NORMAL/NORMAL2-IM-1145-0001.jpeg,0,IM-1145
train/NORMAL/NORMAL2-IM-1147-0001.jpeg,0,IM-1147
train/NORMAL/NORMAL2-IM-1148-0001.jpeg,0,IM-1148
train/NORMAL/NORMAL2-IM-1149-0001.jpeg,0,IM-1149
train/NORMAL/NORMAL2-IM-1150-0001.jpeg,0,IM-1150
train/NORMAL/NORMAL2-IM-1151-0001.jpeg,0,IM-1151
train/NORMAL/NORMAL2-IM-1152-0001-0001.jpeg,0,IM-1152
train/NORMAL/NORMAL2-IM-1152-0001-0002.jpeg,0,IM-1152
train/NORMAL/NORMAL2-IM-1152-0001.jpeg,0,IM-1152
train/NORMAL/NORMAL2-IM-1154-0001-0001.jpeg,0,IM-1154
train/NORMAL/NORMAL2-IM-1154-0001-0002.jpeg,0,IM-1154
train/NORMAL/NORMAL2-IM-1154-0001.jpeg,0,IM-1154
train/NORMAL/NORMAL2-IM-1155-0001.jpeg,0,IM-1155
train/NORMAL/NORMAL2-IM-1156-0001.jpeg,0,IM-1156
train/NORMAL/NORMAL2-IM-1157-0001.jpeg,0,IM-1157
train/NORMAL/NORMAL2-IM-1158-0001.jpeg,0,IM-1158
train/NORMAL/NORMAL2-IM-1160-0001.jpeg,0,IM-1160
train/NORMAL/NORMAL2-IM-1161-0001.jpeg,0,IM-1161
train/NORMAL/NORMAL2-IM-1162-0001.jpeg,0,IM-1162
train/NORMAL/NORMAL2-IM-1163-0001.jpeg,0,IM-1163
train/NORMAL/NORMAL2-IM-1164-0001.jpeg,0,IM-1164
train/NORMAL/NORMAL2-IM-1167-0001.jpeg,0,IM-1167
train/NORMAL/NORMAL2-IM-1168-0001.jpeg,0,IM-1168
train/NORMAL/NORMAL2-IM-1169-0001.jpeg,0,IM-1169
train/NORMAL/NORMAL2-IM-1171-0001.jpeg,0,IM-1171
train/NORMAL/NORMAL2-IM-1173-0001.jpeg,0,IM-1173
train/NORMAL/NORMAL2-IM-1174-0001.jpeg,0,IM-1174
train/NORMAL/NORMAL2-IM-1175-0001.jpeg,0,IM-1175
train/NORMAL/NORMAL2-IM-1176-0001.jpeg,0,IM-1176
train/NORMAL/NORMAL2-IM-1177-0001.jpeg,0,IM-1177
train/NORMAL/NORMAL2-IM-1178-0001.jpeg,0,IM-1178
train/NORMAL/NORMAL2-IM-1179-0001.jpeg,0,IM-1179
train/NORMAL/NORMAL2-IM-1180-0001.jpeg,0,IM-1180
train/NORMAL/NORMAL2-IM-1182-0001.jpeg,0,IM-1182
train/NORMAL/NORMAL2-IM-1183-0001.jpeg,0,IM-1183
train/NORMAL/NORMAL2-IM-1184-0001.jpeg,0,IM-1184
train/NORMAL/NORMAL2-IM-1185-0001.jpeg,0,IM-1185
train/NORMAL/NORMAL2-IM-1187-0001.jpeg,0,IM-1187
train/NORMAL/NORMAL2-IM-1189-0001.jpeg,0,IM-1189
train/NORMAL/NORMAL2-IM-1190-0001.jpeg,0,IM-1190
train/NORMAL/NORMAL2-IM-1191-0001.jpeg,0,IM-1191
train/NORMAL/NORMAL2-IM-1192-0001.jpeg,0,IM-1192
train/NORMAL/NORMAL2-IM-1194-0001.jpeg,0,IM-1194
train/NORMAL/NORMAL2-IM-1197-0001.jpeg,0,IM-1197
train/NORMAL/NORMAL2-IM-1198-0001.jpeg,0,IM-1198
train/NORMAL/NORMAL2-IM-1200-0001.jpeg,0,IM-1200
train/NORMAL/NORMAL2-IM-1201-0001.jpeg,0,IM-1201
train/NORMAL/NORMAL2-IM-1203-0001.jpeg,0,IM-1203
train/NORMAL/NORMAL2-IM-1204-0001.jpeg,0,IM-1204
train/NORMAL/NORMAL2-IM-1205-0001.jpeg,0,IM-1205
train/NORMAL/NORMAL2-IM-1206-0001.jpeg,0,IM-1206
train/NORMAL/NORMAL2-IM-1209-0001.jpeg,0,IM-1209
train/NORMAL/NORMAL2-IM-1218-0001.jpeg,0,IM-1218
train/NORMAL/NORMAL2-IM-1220-0001.jpeg,0,IM-1220
train/NORMAL/NORMAL2-IM-1221-0001.jpeg,0,IM-1221
train/NORMAL/NORMAL2-IM-1222-0001.jpeg,0,IM-1222
train/NORMAL/NORMAL2-IM-1223-0001.jpeg,0,IM-1223
train/NORMAL/NORMAL2-IM-1224-0001.jpeg,0,IM-1224
train/NORMAL/NORMAL2-IM-1225-0001.jpeg,0,IM-1225
train/NORMAL/NORMAL2-IM-1226-0001.jpeg,0,IM-1226
train/NORMAL/NORMAL2-IM-1227-0001.jpeg,0,IM-1227
train/NORMAL/NORMAL2-IM-1228-0001.jpeg,0,IM-1228
train/NORMAL/NORMAL2-IM-1231-0001.jpeg,0,IM-1231
train/NORMAL/NORMAL2-IM-1232-0001.jpeg,0,IM-1232
train/NORMAL/NORMAL2-IM-1236-0001.jpeg,0,IM-1236
train/NORMAL/NORMAL2-IM-1237-0001.jpeg,0,IM-1237
train/NORMAL/NORMAL2-IM-1240-0001.jpeg,0,IM-1240
train/NORMAL/NORMAL2-IM-1241-0001.jpeg,0,IM-1241
train/NORMAL/NORMAL2-IM-1242-0001.jpeg,0,IM-1242
train/NORMAL/NORMAL2-IM-1243-0001.jpeg,0,IM-1243
train/NORMAL/NORMAL2-IM-1244-0001.jpeg,0,IM-1244
train/NORMAL/NORMAL2-IM-1247-0001.jpeg,0,IM-1247
train/NORMAL/NORMAL2-IM-1250-0001.jpeg,0,IM-1250
train/NORMAL/NORMAL2-IM-1252-0001.jpeg,0,IM-1252
train/NORMAL/NORMAL2-IM-1253-0001.jpeg,0,IM-1253
train/NORMAL/NORMAL2-IM-1254-0001.jpeg,0,IM-1254
train/NORMAL/NORMAL2-IM-1256-0001.jpeg,0,IM-1256
train/NORMAL/NORMAL2-IM-1257-0001.jpeg,0,IM-1257
train/NORMAL/NORMAL2-IM-1258-0001-0001.jpeg,0,IM-1258
train/NORMAL/NORMAL2-IM-1258-0001-0002.jpeg,0,IM-1258
train/NORMAL/NORMAL2-IM-1258-0001.jpeg,0,IM-1258
train/NORMAL/NORMAL2-IM-1261-0001.jpeg,0,IM-1261
train/NORMAL/NORMAL2-IM-1262-0001.jpeg,0,IM-1262
train/NORMAL/NORMAL2-IM-1264-0001.jpeg,0,IM-1264
train/NORMAL/NORMAL2-IM-1266-0001-0001.jpeg,0,IM-1266
train/NORMAL/NORMAL2-IM-1266-0001-0002.jpeg,0,IM-1266
train/NORMAL/NORMAL2-IM-1266-0001.jpeg,0,IM-1266
train/NORMAL/NORMAL2-IM-1269-0001-0001.jpeg,0,IM-1269
train/NORMAL/NORMAL2-IM-1269-0001-0002.jpeg,0,IM-1269
train/NORMAL/NORMAL2-IM-1269-0001.jpeg,0,IM-1269
train/NORMAL/NORMAL2-IM-1270-0001.jpeg,0,IM-1270
train/NORMAL/NORMAL2-IM-1271-0001.jpeg,0,IM-1271
train/NORMAL/NORMAL2-IM-1272-0001.jpeg,0,IM-1272
train/NORMAL/NORMAL2-IM-1273-0001.jpeg,0,IM-1273
train/NORMAL/NORMAL2-IM-1274-0001.jpeg,0,IM-1274
train/NORMAL/NORMAL2-IM-1275-0001.jpeg,0,IM-1275
train/NORMAL/NORMAL2-IM-1277-0001-0001.jpeg,0,IM-1277
train/NORMAL/NORMAL2-IM-1277-0001-0002.jpeg,0,IM-1277
train/NORMAL/NORMAL2-IM-1277-0001.jpeg,0,IM-1277
train/NORMAL/NORMAL2-IM-1278-0001.jpeg,0,IM-1278
train/NORMAL/NORMAL2-IM-1279-0001.jpeg,0,IM-1279
train/NORMAL/NORMAL2-IM-1280-0001.jpeg,0,IM-1280
train/NORMAL/NORMAL2-IM-1285-0001.jpeg,0,IM-1285
train/NORMAL/NORMAL2-IM-1287-0001.jpeg,0,IM-1287
train/NORMAL/NORMAL2-IM-1289-0001.jpeg,0,IM-1289
train/NORMAL/NORMAL2-IM-1290-0001.jpeg,0,IM-1290
train/NORMAL/NORMAL2-IM-1291-0001.jpeg,0,IM-1291
train/NORMAL/NORMAL2-IM-1292-0001.jpeg,0,IM-1292
train/NORMAL/NORMAL2-IM-1293-0001.jpeg,0,IM-1293
train/NORMAL/NORMAL2-IM-1294-0001-0001.jpeg,0,IM-1294
train/NORMAL/NORMAL2-IM-1294-0001-0002.jpeg,0,IM-1294
train/NORMAL/NORMAL2-IM-1294-0001.jpeg,0,IM-1294
train/NORMAL/NORMAL2-IM-1295-0001.jpeg,0,IM-1295
train/NORMAL/NORMAL2-IM-1296-0001.jpeg,0,IM-1296
train/NORMAL/NORMAL2-IM-1300-0001.jpeg,0,IM-1300
train/NORMAL/NORMAL2-IM-1301-0001.jpeg,0,IM-1301
train/NORMAL/NORMAL2-IM-1302-0001.jpeg,0,IM-1302
train/NORMAL/NORMAL2-IM-1303-0001.jpeg,0,IM-1303
train/NORMAL/NORMAL2-IM-1304-0001.jpeg,0,IM-1304
train/NORMAL/NORMAL2-IM-1305-0001.jpeg,0,IM-1305
train/NORMAL/NORMAL2-IM-1307-0001.jpeg,0,IM-1307
train/NORMAL/NORMAL2-IM-1310-0001.jpeg,0,IM-1310
train/NORMAL/NORMAL2-IM-1311-0001.jpeg,0,IM-1311
train/NORMAL/NORMAL2-IM-1314-0001.jpeg,0,IM-1314
train/NORMAL/NORMAL2-IM-1315-0001.jpeg,0,IM-1315
train/NORMAL/NORMAL2-IM-1316-0001.jpeg,0,IM-1316
train/NORMAL/NORMAL2-IM-1317-0001.jpeg,0,IM-1317
train/NORMAL/NORMAL2-IM-1319-0001.jpeg,0,IM-1319
train/NORMAL/NORMAL2-IM-1320-0001.jpeg,0,IM-1320
train/NORMAL/NORMAL2-IM-1321-0001.jpeg,0,IM-1321
train/NORMAL/NORMAL2-IM-1323-0001.jpeg,0,IM-1323
train/NORMAL/NORMAL2-IM-1326-0001.jpeg,0,IM-1326
train/NORMAL/NORMAL2-IM-1327-0001.jpeg,0,IM-1327
train/NORMAL/NORMAL2-IM-1328-0001.jpeg,0,IM-1328
train/NORMAL/NORMAL2-IM-1329-0001.jpeg,0,IM-1329
train/NORMAL/NORMAL2-IM-1330-0001.jpeg,0,IM-1330
train/NORMAL/NORMAL2-IM-1332-0001.jpeg,0,IM-1332
train/NORMAL/NORMAL2-IM-1333-0001.jpeg,0,IM-1333
train/NORMAL/NORMAL2-IM-1334-0001.jpeg,0,IM-1334
train/NORMAL/NORMAL2-IM-1336-0001.jpeg,0,IM-1336
train/NORMAL/NORMAL2-IM-1338-0001.jpeg,0,IM-1338
train/NORMAL/NORMAL2-IM-1341-0001.jpeg,0,IM-1341
train/NORMAL/NORMAL2-IM-1343-0001.jpeg,0,IM-1343
train/NORMAL/NORMAL2-IM-1344-0001.jpeg,0,IM-1344
train/NORMAL/NORMAL2-IM-1345-0001-0001.jpeg,0,IM-1345
train/NORMAL/NORMAL2-IM-1345-0001-0002.jpeg,0,IM-1345
train/NORMAL/NORMAL2-IM-1345-0001.jpeg,0,IM-1345
train/NORMAL/NORMAL2-IM-1346-0001.jpeg,0,IM-1346
train/NORMAL/NORMAL2-IM-1349-0001.jpeg,0,IM-1349
train/NORMAL/NORMAL2-IM-1351-0001.jpeg,0,IM-1351
train/NORMAL/NORMAL2-IM-1356-0001.jpeg,0,IM-1356
train/NORMAL/NORMAL2-IM-1357-0001.jpeg,0,IM-1357
train/NORMAL/NORMAL2-IM-1360-0001.jpeg,0,IM-1360
train/NORMAL/NORMAL2-IM-1362-0001.jpeg,0,IM-1362
train/NORMAL/NORMAL2-IM-1365-0001.jpeg,0,IM-1365
train/NORMAL/NORMAL2-IM-1371-0001.jpeg,0,IM-1371
train/NORMAL/NORMAL2-IM-1376-0001.jpeg,0,IM-1376
train/NORMAL/NORMAL2-IM-1379-0001.jpeg,0,IM-1379
train/NORMAL/NORMAL2-IM-1396-0001.jpeg,0,IM-1396
train/NORMAL/NORMAL2-IM-1400-0001.jpeg,0,IM-1400
train/NORMAL/NORMAL2-IM-1406-0001.jpeg,0,IM-1406
train/NORMAL/NORMAL2-IM-1412-0001.jpeg,0,IM-1412
train/NORMAL/NORMAL2-IM-1419-0001.jpeg,0,IM-1419
train/NORMAL/NORMAL2-IM-1422-0001.jpeg,0,IM-1422
train/NORMAL/NORMAL2-IM-1423-0001.jpeg,0,IM-1423
train/PNEUMONIA/person1000_bacteria_2931.jpeg,1,person1000
train/PNEUMONIA/person1000_virus_1681.jpeg,1,person1000
train/PNEUMONIA/person1002_bacteria_2933.jpeg,1,person1002
train/PNEUMONIA/person1003_bacteria_2934.jpeg,1,person1003
train/PNEUMONIA/person1003_virus_1685.jpeg,1,person1003
train/PNEUMONIA/person1004_bacteria_2935.jpeg,1,person1004
train/PNEUMONIA/person1004_virus_1686.jpeg,1,person1004
train/PNEUMONIA/person1005_bacteria_2936.jpeg,1,person1005
train/PNEUMONIA/person1005_virus_1688.jpeg,1,person1005
train/PNEUMONIA/person1006_bacteria_2937.jpeg,1,person1006
train/PNEUMONIA/person1007_bacteria_2938.jpeg,1,person1007
train/PNEUMONIA/person1007_virus_1690.jpeg,1,person1007
train/PNEUMONIA/person1008_bacteria_2939.jpeg,1,person1008
train/PNEUMONIA/person1008_virus_1691.jpeg,1,person1008
train/PNEUMONIA/person100_virus_184.jpeg,1,person100
train/PNEUMONIA/person1010_bacteria_2941.jpeg,1,person1010
train/PNEUMONIA/person1010_virus_1695.jpeg,1,person1010
train/PNEUMONIA/person1011_bacteria_2942.jpeg,1,person1011
train/PNEUMONIA/person1014_bacteria_2945.jpeg,1,person1014
train/PNEUMONIA/person1015_virus_1701.jpeg,1,person1015
train/PNEUMONIA/person1015_virus_1702.jpeg,1,person1015
train/PNEUMONIA/person1016_bacteria_2947.jpeg,1,person1016
train/PNEUMONIA/person1016_virus_1704.jpeg,1,person1016
train/PNEUMONIA/person1017_bacteria_2948.jpeg,1,person1017
train/PNEUMONIA/person1018_bacteria_2949.jpeg,1,person1018
train/PNEUMONIA/person1018_virus_1706.jpeg,1,person1018
train/PNEUMONIA/person1019_bacteria_2950.jpeg,1,person1019
train/PNEUMONIA/person1019_virus_1707.jpeg,1,person1019
train/PNEUMONIA/person1019_virus_1708.jpeg,1,person1019
train/PNEUMONIA/person1020_bacteria_2951.jpeg,1,person1020
train/PNEUMONIA/person1020_virus_1710.jpeg,1,person1020
train/PNEUMONIA/person1021_virus_1711.jpeg,1,person1021
train/PNEUMONIA/person1022_bacteria_2953.jpeg,1,person1022
train/PNEUMONIA/person1022_virus_1712.jpeg,1,person1022
train/PNEUMONIA/person1023_bacteria_2954.jpeg,1,person1023
train/PNEUMONIA/person1023_virus_1714.jpeg,1,person1023
train/PNEUMONIA/person1024_bacteria_2955.jpeg,1,person1024
train/PNEUMONIA/person1024_virus_1716.jpeg,1,person1024
train/PNEUMONIA/person1026_bacteria_2957.jpeg,1,person1026
train/PNEUMONIA/person1026_virus_1718.jpeg,1,person1026
train/PNEUMONIA/person1028_bacteria_2959.jpeg,1,person1028
train/PNEUMONIA/person1028_bacteria_2960.jpeg,1,person1028
train/PNEUMONIA/person1029_bacteria_2961.jpeg,1,person1029
train/PNEUMONIA/person1029_virus_1721.jpeg,1,person1029
train/PNEUMONIA/person102_virus_189.jpeg,1,person102
train/PNEUMONIA/person1031_bacteria_2963.jpeg,1,person1031
train/PNEUMONIA/person1031_bacteria_2964.jpeg,1,person1031
train/PNEUMONIA/person1031_virus_1723.jpeg,1,person1031
train/PNEUMONIA/person1033_bacteria_2966.jpeg,1,person1033
train/PNEUMONIA/person1034_bacteria_2968.jpeg,1,person1034
train/PNEUMONIA/person1034_virus_1728.jpeg,1,person1034
train/PNEUMONIA/person1035_bacteria_2969.jpeg,1,person1035
train/PNEUMONIA/person1035_virus_1729.jpeg,1,person1035
train/PNEUMONIA/person1036_bacteria_2970.jpeg,1,person1036
train/PNEUMONIA/person1036_virus_1730.jpeg,1,person1036
train/PNEUMONIA/person1037_bacteria_2971.jpeg,1,person1037
train/PNEUMONIA/person1038_bacteria_2972.jpeg,1,person1038
train/PNEUMONIA/person1038_virus_1733.jpeg,1,person1038
train/PNEUMONIA/person1039_bacteria_2973.jpeg,1,person1039
train/PNEUMONIA/person103_virus_190.jpeg,1,person103
train/PNEUMONIA/person1040_bacteria_2974.jpeg,1,person1040
train/PNEUMONIA/person1040_virus_1735.jpeg,1,person1040
train/PNEUMONIA/person1041_bacteria_2975.jpeg,1,person1041
train/PNEUMONIA/person1041_virus_1736.jpeg,1,person1041
train/PNEUMONIA/person1044_bacteria_2978.jpeg,1,person1044
train/PNEUMONIA/person1044_virus_1740.jpeg,1,person1044
train/PNEUMONIA/person1045_bacteria_2979.jpeg,1,person1045
train/PNEUMONIA/person1045_virus_1741.jpeg,1,person1045
train/PNEUMONIA/person1048_bacteria_2982.jpeg,1,person1048
train/PNEUMONIA/person1048_virus_1744.jpeg,1,person1048
train/PNEUMONIA/person1049_bacteria_2983.jpeg,1,person1049
train/PNEUMONIA/person1049_virus_1746.jpeg,1,person1049
train/PNEUMONIA/person104_virus_191.jpeg,1,person104
train/PNEUMONIA/person1051_bacteria_2985.jpeg,1,person1051
train/PNEUMONIA/person1051_virus_1750.jpeg,1,person1051
train/PNEUMONIA/person1052_bacteria_2986.jpeg,1,person1052
train/PNEUMONIA/person1052_virus_1751.jpeg,1,person1052
train/PNEUMONIA/person1053_bacteria_2987.jpeg,1,person1053
train/PNEUMONIA/person1054_bacteria_2988.jpeg,1,person1054
train/PNEUMONIA/person1055_bacteria_2989.jpeg,1,person1055
train/PNEUMONIA/person1058_bacteria_2992.jpeg,1,person1058
train/PNEUMONIA/person1058_virus_1757.jpeg,1,person1058
train/PNEUMONIA/person105_virus_192.jpeg,1,person105
train/PNEUMONIA/person105_virus_193.jpeg,1,person105
train/PNEUMONIA/person1060_virus_1760.jpeg,1,person1060
train/PNEUMONIA/person1062_bacteria_2996.jpeg,1,person1062
train/PNEUMONIA/person1062_virus_1762.jpeg,1,person1062
train/PNEUMONIA/person1063_bacteria_2997.jpeg,1,person1063
train/PNEUMONIA/person1063_virus_1765.jpeg,1,person1063
train/PNEUMONIA/person1067_bacteria_3001.jpeg,1,person1067
train/PNEUMONIA/person1067_virus_1770.jpeg,1,person1067
train/PNEUMONIA/person1068_bacteria_3002.jpeg,1,person1068
train/PNEUMONIA/person1068_virus_1771.jpeg,1,person1068
train/PNEUMONIA/person1069_bacteria_3003.jpeg,1,person1069
train/PNEUMONIA/person1069_virus_1772.jpeg,1,person1069
train/PNEUMONIA/person106_virus_194.jpeg,1,person106
train/PNEUMONIA/person1070_virus_1773.jpeg,1,person1070
train/PNEUMONIA/person1071_bacteria_3005.jpeg,1,person1071
train/PNEUMONIA/person1071_virus_1774.jpeg,1,person1071
train/PNEUMONIA/person1072_bacteria_3006.jpeg,1,person1072
train/PNEUMONIA/person1072_bacteria_3007.jpeg,1,person1072
train/PNEUMONIA/person1072_virus_1775.jpeg,1,person1072
train/PNEUMONIA/person1073_bacteria_3008.jpeg,1,person1073
train/PNEUMONIA/person1073_bacteria_3011.jpeg,1,person1073
train/PNEUMONIA/person1073_virus_1776.jpeg,1,person1073
train/PNEUMONIA/person1075_bacteria_3015.jpeg,1,person1075
train/PNEUMONIA/person1076_bacteria_3016.jpeg,1,person1076
train/PNEUMONIA/person1077_bacteria_3017.jpeg,1,person1077
train/PNEUMONIA/person1077_virus_1787.jpeg,1,person1077
train/PNEUMONIA/person1078_bacteria_3018.jpeg,1,person1078
train/PNEUMONIA/person1078_virus_1788.jpeg,1,person1078
train/PNEUMONIA/person1080_bacteria_3020.jpeg,1,person1080
train/PNEUMONIA/person1080_virus_1791.jpeg,1,person1080
train/PNEUMONIA/person1081_bacteria_3021.jpeg,1,person1081
train/PNEUMONIA/person1081_virus_1793.jpeg,1,person1081
train/PNEUMONIA/person1082_bacteria_3022.jpeg,1,person1082
train/PNEUMONIA/person1082_virus_1794.jpeg,1,person1082
train/PNEUMONIA/person1083_bacteria_3023.jpeg,1,person1083
train/PNEUMONIA/person1083_virus_1795.jpeg,1,person1083
train/PNEUMONIA/person1085_bacteria_3025.jpeg,1,person1085
train/PNEUMONIA/person1085_virus_1797.jpeg,1,person1085
train/PNEUMONIA/person1086_bacteria_3026.jpeg,1,person1086
train/PNEUMONIA/person1086_virus_1798.jpeg,1,person1086
train/PNEUMONIA/person1087_bacteria_3027.jpeg,1,person1087
train/PNEUMONIA/person1087_virus_1799.jpeg,1,person1087
train/PNEUMONIA/person1088_bacteria_3028.jpeg,1,person1088
train/PNEUMONIA/person1088_virus_1800.jpeg,1,person1088
train/PNEUMONIA/person1089_bacteria_3029.jpeg,1,person1089
train/PNEUMONIA/person1089_virus_1808.jpeg,1,person1089
train/PNEUMONIA/person108_virus_199.jpeg,1,person108
train/PNEUMONIA/person108_virus_200.jpeg,1,person108
train/PNEUMONIA/person108_virus_201.jpeg,1,person108
train/PNEUMONIA/person1090_virus_1809.jpeg,1,person1090
train/PNEUMONIA/person1092_bacteria_3032.jpeg,1,person1092
train/PNEUMONIA/person1092_virus_1811.jpeg,1,person1092
train/PNEUMONIA/person1093_bacteria_3033.jpeg,1,person1093
train/PNEUMONIA/person1094_virus_1814.jpeg,1,person1094
train/PNEUMONIA/person1095_virus_1815.jpeg,1,person1095
train/PNEUMONIA/person1096_bacteria_3037.jpeg,1,person1096
train/PNEUMONIA/person1096_virus_1816.jpeg,1,person1096
train/PNEUMONIA/person1097_bacteria_3038.jpeg,1,person1097
train/PNEUMONIA/person1097_virus_1817.jpeg,1,person1097
train/PNEUMONIA/person1098_bacteria_3039.jpeg,1,person1098
train/PNEUMONIA/person1098_virus_1818.jpeg,1,person1098
train/PNEUMONIA/person1099_bacteria_3040.jpeg,1,person1099
train/PNEUMONIA/person1099_virus_1819.jpeg,1,person1099
train/PNEUMONIA/person109_virus_203.jpeg,1,person109
train/PNEUMONIA/person10_bacteria_43.jpeg,1,person10
train/PNEUMONIA/person1100_bacteria_3041.jpeg,1,person1100
train/PNEUMONIA/person1100_virus_1820.jpeg,1,person1100
train/PNEUMONIA/person1101_bacteria_3042.jpeg,1,person1101
train/PNEUMONIA/person1102_bacteria_3043.jpeg,1,person1102
train/PNEUMONIA/person1102_virus_1822.jpeg,1,person1102
train/PNEUMONIA/person1103_bacteria_3044.jpeg,1,person1103
train/PNEUMONIA/person1103_virus_1825.jpeg,1,person1103
train/PNEUMONIA/person1104_virus_1826.jpeg,1,person1104
train/PNEUMONIA/person1105_bacteria_3046.jpeg,1,person1105
train/PNEUMONIA/person1106_virus_1829.jpeg,1,person1106
train/PNEUMONIA/person1107_bacteria_3048.jpeg,1,person1107
train/PNEUMONIA/person1107_virus_1831.jpeg,1,person1107
train/PNEUMONIA/person1107_virus_1832.jpeg,1,person1107
train/PNEUMONIA/person1109_bacteria_3050.jpeg,1,person1109
train/PNEUMONIA/person110_virus_205.jpeg,1,person110
train/PNEUMONIA/person110_virus_206.jpeg,1,person110
train/PNEUMONIA/person110_virus_207.jpeg,1,person110
train/PNEUMONIA/person110_virus_208.jpeg,1,person110
train/PNEUMONIA/person1110_bacteria_3051.jpeg,1,person1110
train/PNEUMONIA/person1110_virus_1835.jpeg,1,person1110
train/PNEUMONIA/person1111_bacteria_3052.jpeg,1,person1111
train/PNEUMONIA/person1111_virus_1836.jpeg,1,person1111
train/PNEUMONIA/person1112_bacteria_3053.jpeg,1,person1112
train/PNEUMONIA/person1112_virus_1837.jpeg,1,person1112
train/PNEUMONIA/person1113_virus_1838.jpeg,1,person1113
train/PNEUMONIA/person1114_bacteria_3055.jpeg,1,person1114
train/PNEUMONIA/person1115_bacteria_3056.jpeg,1,person1115
train/PNEUMONIA/person1115_virus_1840.jpeg,1,person1115
train/PNEUMONIA/person1116_virus_1841.jpeg,1,person1116
train/PNEUMONIA/person1118_bacteria_3059.jpeg,1,person1118
train/PNEUMONIA/person1119_virus_1844.jpeg,1,person1119
train/PNEUMONIA/person111_virus_209.jpeg,1,person111
train/PNEUMONIA/person111_virus_210.jpeg,1,person111
train/PNEUMONIA/person111_virus_212.jpeg,1,person111
train/PNEUMONIA/person1120_virus_1845.jpeg,1,person1120
train/PNEUMONIA/person1121_virus_1846.jpeg,1,person1121
train/PNEUMONIA/person1122_bacteria_3063.jpeg,1,person1122
train/PNEUMONIA/person1122_virus_1847.jpeg,1,person1122
train/PNEUMONIA/person1123_virus_1848.jpeg,1,person1123
train/PNEUMONIA/person1124_bacteria_3065.jpeg,1,person1124
train/PNEUMONIA/person1124_virus_1851.jpeg,1,person1124
train/PNEUMONIA/person1125_bacteria_3066.jpeg,1,person1125
train/PNEUMONIA/person1125_virus_1852.jpeg,1,person1125
train/PNEUMONIA/person1126_virus_1853.jpeg,1,person1126
train/PNEUMONIA/person1127_bacteria_3068.jpeg,1,person1127
train/PNEUMONIA/person1127_virus_1854.jpeg,1,person1127
train/PNEUMONIA/person1128_bacteria_3069.jpeg,1,person1128
train/PNEUMONIA/person1129_bacteria_3070.jpeg,1,person1129
train/PNEUMONIA/person1129_virus_1857.jpeg,1,person1129
train/PNEUMONIA/person1130_bacteria_3072.jpeg,1,person1130
train/PNEUMONIA/person1130_virus_1860.jpeg,1,person1130
train/PNEUMONIA/person1131_bacteria_3073.jpeg,1,person1131
train/PNEUMONIA/person1132_virus_1863.jpeg,1,person1132
train/PNEUMONIA/person1133_bacteria_3075.jpeg,1,person1133
train/PNEUMONIA/person1133_virus_1865.jpeg,1,person1133
train/PNEUMONIA/person1134_bacteria_3076.jpeg,1,person1134
train/PNEUMONIA/person1136_bacteria_3078.jpeg,1,person1136
train/PNEUMONIA/person1137_virus_1876.jpeg,1,person1137
train/PNEUMONIA/person1138_bacteria_3080.jpeg,1,person1138
train/PNEUMONIA/person1138_virus_1877.jpeg,1,person1138
train/PNEUMONIA/person1138_virus_1879.jpeg,1,person1138
train/PNEUMONIA/person113_virus_215.jpeg,1,person113
train/PNEUMONIA/person113_virus_216.jpeg,1,person113
train/PNEUMONIA/person1140_bacteria_3083.jpeg,1,person1140
train/PNEUMONIA/person1140_virus_1885.jpeg,1,person1140
train/PNEUMONIA/person1142_bacteria_3086.jpeg,1,person1142
train/PNEUMONIA/person1142_virus_1892.jpeg,1,person1142
train/PNEUMONIA/person1143_virus_1896.jpeg,1,person1143
train/PNEUMONIA/person1143_virus_1897.jpeg,1,person1143
train/PNEUMONIA/person1144_bacteria_3089.jpeg,1,person1144
train/PNEUMONIA/person1145_bacteria_3090.jpeg,1,person1145
train/PNEUMONIA/person1145_virus_1902.jpeg,1,person1145
train/PNEUMONIA/person1145_virus_1905.jpeg,1,person1145
train/PNEUMONIA/person1145_virus_1906.jpeg,1,person1145
train/PNEUMONIA/person1146_bacteria_3091.jpeg,1,person1146
train/PNEUMONIA/person1147_virus_1917.jpeg,1,person1147
train/PNEUMONIA/person1147_virus_1919.jpeg,1,person1147
train/PNEUMONIA/person1147_virus_1920.jpeg,1,person1147
train/PNEUMONIA/person1149_bacteria_3094.jpeg,1,person1149
train/PNEUMONIA/person1149_virus_1924.jpeg,1,person1149
train/PNEUMONIA/person1149_virus_1925.jpeg,1,person1149
train/PNEUMONIA/person114_virus_217.jpeg,1,person114
train/PNEUMONIA/person1150_bacteria_3095.jpeg,1,person1150
train/PNEUMONIA/person1151_virus_1928.jpeg,1,person1151
train/PNEUMONIA/person1152_virus_1930.jpeg,1,person1152
train/PNEUMONIA/person1153_virus_1932.jpeg,1,person1153
train/PNEUMONIA/person1154_bacteria_3099.jpeg,1,person1154
train/PNEUMONIA/person1154_virus_1933.jpeg,1,person1154
train/PNEUMONIA/person1155_bacteria_3100.jpeg,1,person1155
train/PNEUMONIA/person1155_virus_1934.jpeg,1,person1155
train/PNEUMONIA/person1156_bacteria_3101.jpeg,1,person1156
train/PNEUMONIA/person1156_virus_1935.jpeg,1,person1156
train/PNEUMONIA/person1156_virus_1936.jpeg,1,person1156
train/PNEUMONIA/person1158_bacteria_3103.jpeg,1,person1158
train/PNEUMONIA/person1158_virus_1938.jpeg,1,person1158
train/PNEUMONIA/person1158_virus_1940.jpeg,1,person1158
train/PNEUMONIA/person1158_virus_1941.jpeg,1,person1158
train/PNEUMONIA/person1158_virus_1942.jpeg,1,person1158
train/PNEUMONIA/person1158_virus_1943.jpeg,1,person1158
train/PNEUMONIA/person1159_bacteria_3104.jpeg,1,person1159
train/PNEUMONIA/person1159_virus_1944.jpeg,1,person1159
train/PNEUMONIA/person1159_virus_1946.jpeg,1,person1159
train/PNEUMONIA/person115_virus_218.jpeg,1,person115
train/PNEUMONIA/person115_virus_219.jpeg,1,person115
train/PNEUMONIA/person1161_virus_1948.jpeg,1,person1161
train/PNEUMONIA/person1162_bacteria_3107.jpeg,1,person1162
train/PNEUMONIA/person1162_virus_1949.jpeg,1,person1162
train/PNEUMONIA/person1162_virus_1950.jpeg,1,person1162
train/PNEUMONIA/person1163_virus_1951.jpeg,1,person1163
train/PNEUMONIA/person1164_bacteria_3110.jpeg,1,person1164
train/PNEUMONIA/person1164_virus_1952.jpeg,1,person1164
train/PNEUMONIA/person1164_virus_1955.jpeg,1,person1164
train/PNEUMONIA/person1164_virus_1956.jpeg,1,person1164
train/PNEUMONIA/person1164_virus_1957.jpeg,1,person1164
train/PNEUMONIA/person1164_virus_1958.jpeg,1,person1164
train/PNEUMONIA/person1165_bacteria_3111.jpeg,1,person1165
train/PNEUMONIA/person1165_virus_1959.jpeg,1,person1165
train/PNEUMONIA/person1167_bacteria_3113.jpeg,1,person1167
train/PNEUMONIA/person1168_bacteria_3114.jpeg,1,person1168
train/PNEUMONIA/person1168_bacteria_3115.jpeg,1,person1168
train/PNEUMONIA/person1168_virus_1965.jpeg,1,person1168
train/PNEUMONIA/person1168_virus_1966.jpeg,1,person1168
train/PNEUMONIA/person1169_virus_1968.jpeg,1,person1169
train/PNEUMONIA/person116_virus_221.jpeg,1,person116
train/PNEUMONIA/person1170_bacteria_3117.jpeg,1,person1170
train/PNEUMONIA/person1170_virus_1969.jpeg,1,person1170
train/PNEUMONIA/person1170_virus_1970.jpeg,1,person1170
train/PNEUMONIA/person1171_bacteria_3118.jpeg,1,person1171
train/PNEUMONIA/person1172_bacteria_3119.jpeg,1,person1172
train/PNEUMONIA/person1172_virus_1977.jpeg,1,person1172
train/PNEUMONIA/person1173_virus_1978.jpeg,1,person1173
train/PNEUMONIA/person1174_virus_1980.jpeg,1,person1174
train/PNEUMONIA/person1175_bacteria_3122.jpeg,1,person1175
train/PNEUMONIA/person1175_virus_1981.jpeg,1,person1175
train/PNEUMONIA/person1176_bacteria_3123.jpeg,1,person1176
train/PNEUMONIA/person1176_bacteria_3124.jpeg,1,person1176
train/PNEUMONIA/person1176_virus_1996.jpeg,1,person1176
train/PNEUMONIA/person1176_virus_1997.jpeg,1,person1176
train/PNEUMONIA/person1176_virus_1998.jpeg,1,person1176
train/PNEUMONIA/person1177_bacteria_3125.jpeg,1,person1177
train/PNEUMONIA/person1177_virus_1999.jpeg,1,person1177
train/PNEUMONIA/person1177_virus_2000.jpeg,1,person1177
train/PNEUMONIA/person1177_virus_2001.jpeg,1,person1177
train/PNEUMONIA/person1177_virus_2002.jpeg,1,person1177
train/PNEUMONIA/person1178_bacteria_3126.jpeg,1,person1178
train/PNEUMONIA/person1178_virus_2004.jpeg,1,person1178
train/PNEUMONIA/person1179_bacteria_3127.jpeg,1,person1179
train/PNEUMONIA/person1179_virus_2006.jpeg,1,person1179
train/PNEUMONIA/person117_virus_223.jpeg,1,person117
train/PNEUMONIA/person1180_bacteria_3128.jpeg,1,person1180
train/PNEUMONIA/person1180_virus_2007.jpeg,1,person1180
train/PNEUMONIA/person1180_virus_2008.jpeg,1,person1180
train/PNEUMONIA/person1180_virus_2009.jpeg,1,person1180
train/PNEUMONIA/person1180_virus_2010.jpeg,1,person1180
train/PNEUMONIA/person1180_virus_2011.jpeg,1,person1180
train/PNEUMONIA/person1180_virus_2012.jpeg,1,person1180
train/PNEUMONIA/person1180_virus_2013.jpeg,1,person1180
train/PNEUMONIA/person1180_virus_2014.jpeg,1,person1180
train/PNEUMONIA/person1180_virus_2015.jpeg,1,person1180
train/PNEUMONIA/person1182_virus_2017.jpeg,1,person1182
train/PNEUMONIA/person1183_bacteria_3131.jpeg,1,person1183
train/PNEUMONIA/person1183_virus_2018.jpeg,1,person1183
train/PNEUMONIA/person1184_bacteria_3132.jpeg,1,person1184
train/PNEUMONIA/person1184_virus_2019.jpeg,1,person1184
train/PNEUMONIA/person1185_bacteria_3133.jpeg,1,person1185
train/PNEUMONIA/person1186_bacteria_3134.jpeg,1,person1186
train/PNEUMONIA/person1186_bacteria_3135.jpeg,1,person1186
train/PNEUMONIA/person1186_virus_2021.jpeg,1,person1186
train/PNEUMONIA/person1186_virus_2022.jpeg,1,person1186
train/PNEUMONIA/person1187_bacteria_3136.jpeg,1,person1187
train/PNEUMONIA/person1187_virus_2023.jpeg,1,person1187
train/PNEUMONIA/person1188_bacteria_3137.jpeg,1,person1188
train/PNEUMONIA/person1188_virus_2024.jpeg,1,person1188
train/PNEUMONIA/person1190_virus_2031.jpeg,1,person1190
train/PNEUMONIA/person1191_virus_2032.jpeg,1,person1191
train/PNEUMONIA/person1192_bacteria_3141.jpeg,1,person1192
train/PNEUMONIA/person1193_virus_2034.jpeg,1,person1193
train/PNEUMONIA/person1194_bacteria_3143.jpeg,1,person1194
train/PNEUMONIA/person1195_bacteria_3144.jpeg,1,person1195
train/PNEUMONIA/person1196_bacteria_3146.jpeg,1,person1196
train/PNEUMONIA/person1197_bacteria_3147.jpeg,1,person1197
train/PNEUMONIA/person1197_virus_2039.jpeg,1,person1197
train/PNEUMONIA/person1198_bacteria_3148.jpeg,1,person1198
train/PNEUMONIA/person1199_bacteria_3149.jpeg,1,person1199
train/PNEUMONIA/person119_virus_225.jpeg,1,person119
train/PNEUMONIA/person11_bacteria_45.jpeg,1,person11
train/PNEUMONIA/person1200_virus_2042.jpeg,1,person1200
train/PNEUMONIA/person1201_bacteria_3151.jpeg,1,person1201
train/PNEUMONIA/person1203_bacteria_3154.jpeg,1,person1203
train/PNEUMONIA/person1203_bacteria_3155.jpeg,1,person1203
train/PNEUMONIA/person1204_bacteria_3156.jpeg,1,person1204
train/PNEUMONIA/person1205_bacteria_3157.jpeg,1,person1205
train/PNEUMONIA/person1206_bacteria_3158.jpeg,1,person1206
train/PNEUMONIA/person1206_virus_2051.jpeg,1,person1206
train/PNEUMONIA/person1207_bacteria_3159.jpeg,1,person1207
train/PNEUMONIA/person1209_bacteria_3161.jpeg,1,person1209
train/PNEUMONIA/person120_virus_226.jpeg,1,person120
train/PNEUMONIA/person1211_bacteria_3163.jpeg,1,person1211
train/PNEUMONIA/person1211_virus_2056.jpeg,1,person1211
train/PNEUMONIA/person1212_bacteria_3164.jpeg,1,person1212
train/PNEUMONIA/person1212_virus_2057.jpeg,1,person1212
train/PNEUMONIA/person1213_virus_2058.jpeg,1,person1213
train/PNEUMONIA/person1214_bacteria_3166.jpeg,1,person1214
train/PNEUMONIA/person1214_virus_2059.jpeg,1,person1214
train/PNEUMONIA/person1215_bacteria_3167.jpeg,1,person1215
train/PNEUMONIA/person1216_bacteria_3168.jpeg,1,person1216
train/PNEUMONIA/person1216_virus_2062.jpeg,1,person1216
train/PNEUMONIA/person1217_bacteria_3169.jpeg,1,person1217
train/PNEUMONIA/person1217_virus_2063.jpeg,1,person1217
train/PNEUMONIA/person1218_bacteria_3171.jpeg,1,person1218
train/PNEUMONIA/person1218_virus_2066.jpeg,1,person1218
train/PNEUMONIA/person1219_bacteria_3172.jpeg,1,person1219
train/PNEUMONIA/person1219_virus_2067.jpeg,1,person1219
train/PNEUMONIA/person1220_bacteria_3173.jpeg,1,person1220
train/PNEUMONIA/person1220_bacteria_3174.jpeg,1,person1220
train/PNEUMONIA/person1220_virus_2068.jpeg,1,person1220
train/PNEUMONIA/person1222_bacteria_3177.jpeg,1,person1222
train/PNEUMONIA/person1222_virus_2071.jpeg,1,person1222
train/PNEUMONIA/person1224_virus_2074.jpeg,1,person1224
train/PNEUMONIA/person1225_bacteria_3180.jpeg,1,person1225
train/PNEUMONIA/person1225_virus_2076.jpeg,1,person1225
train/PNEUMONIA/person1226_virus_2077.jpeg,1,person1226
train/PNEUMONIA/person1227_bacteria_3182.jpeg,1,person1227
train/PNEUMONIA/person1227_virus_2078.jpeg,1,person1227
train/PNEUMONIA/person1228_bacteria_3183.jpeg,1,person1228
train/PNEUMONIA/person1228_virus_2079.jpeg,1,person1228
train/PNEUMONIA/person1229_virus_2080.jpeg,1,person1229
train/PNEUMONIA/person122_virus_229.jpeg,1,person122
train/PNEUMONIA/person1230_bacteria_3185.jpeg,1,person1230
train/PNEUMONIA/person1230_virus_2081.jpeg,1,person1230
train/PNEUMONIA/person1231_bacteria_3186.jpeg,1,person1231
train/PNEUMONIA/person1231_virus_2088.jpeg,1,person1231
train/PNEUMONIA/person1233_bacteria_3188.jpeg,1,person1233
train/PNEUMONIA/person1233_virus_2090.jpeg,1,person1233
train/PNEUMONIA/person1234_bacteria_3189.jpeg,1,person1234
train/PNEUMONIA/person1234_bacteria_3190.jpeg,1,person1234
train/PNEUMONIA/person1234_virus_2093.jpeg,1,person1234
train/PNEUMONIA/person1236_bacteria_3192.jpeg,1,person1236
train/PNEUMONIA/person1236_virus_2096.jpeg,1,person1236
train/PNEUMONIA/person1237_bacteria_3193.jpeg,1,person1237
train/PNEUMONIA/person1237_virus_2097.jpeg,1,person1237
train/PNEUMONIA/person1238_bacteria_3194.jpeg,1,person1238
train/PNEUMONIA/person1238_virus_2098.jpeg,1,person1238
train/PNEUMONIA/person1239_bacteria_3195.jpeg,1,person1239
train/PNEUMONIA/person1239_virus_2099.jpeg,1,person1239
train/PNEUMONIA/person123_virus_230.jpeg,1,person123
train/PNEUMONIA/person1240_bacteria_3196.jpeg,1,person1240
train/PNEUMONIA/person1241_bacteria_3197.jpeg,1,person1241
train/PNEUMONIA/person1241_virus_2106.jpeg,1,person1241
train/PNEUMONIA/person1242_bacteria_3198.jpeg,1,person1242
train/PNEUMONIA/person1242_virus_2108.jpeg,1,person1242
train/PNEUMONIA/person1242_virus_2109.jpeg,1,person1242
train/PNEUMONIA/person1243_bacteria_3199.jpeg,1,person1243
train/PNEUMONIA/person1243_virus_2110.jpeg,1,person1243
train/PNEUMONIA/person1244_bacteria_3200.jpeg,1,person1244
train/PNEUMONIA/person1244_virus_2111.jpeg,1,person1244
train/PNEUMONIA/person1247_bacteria_3203.jpeg,1,person1247
train/PNEUMONIA/person1247_virus_2115.jpeg,1,person1247
train/PNEUMONIA/person1248_bacteria_3204.jpeg,1,person1248
train/PNEUMONIA/person1248_virus_2117.jpeg,1,person1248
train/PNEUMONIA/person1249_bacteria_3205.jpeg,1,person1249
train/PNEUMONIA/person1249_virus_2118.jpeg,1,person1249
train/PNEUMONIA/person124_virus_231.jpeg,1,person124
train/PNEUMONIA/person124_virus_233.jpeg,1,person124
train/PNEUMONIA/person124_virus_234.jpeg,1,person124
train/PNEUMONIA/person124_virus_236.jpeg,1,person124
train/PNEUMONIA/person124_virus_237.jpeg,1,person124
train/PNEUMONIA/person124_virus_238.jpeg,1,person124
train/PNEUMONIA/person124_virus_239.jpeg,1,person124
train/PNEUMONIA/person124_virus_240.jpeg,1,person124
train/PNEUMONIA/person124_virus_242.jpeg,1,person124
train/PNEUMONIA/person124_virus_244.jpeg,1,person124
train/PNEUMONIA/person124_virus_245.jpeg,1,person124
train/PNEUMONIA/person124_virus_246.jpeg,1,person124
train/PNEUMONIA/person124_virus_249.jpeg,1,person124
train/PNEUMONIA/person124_virus_250.jpeg,1,person124
train/PNEUMONIA/person124_virus_251.jpeg,1,person124
train/PNEUMONIA/person1250_bacteria_3207.jpeg,1,person1250
train/PNEUMONIA/person1251_bacteria_3208.jpeg,1,person1251
train/PNEUMONIA/person1252_bacteria_3209.jpeg,1,person1252
train/PNEUMONIA/person1252_virus_2124.jpeg,1,person1252
train/PNEUMONIA/person1253_bacteria_3211.jpeg,1,person1253
train/PNEUMONIA/person1253_virus_2129.jpeg,1,person1253
train/PNEUMONIA/person1254_virus_2130.jpeg,1,person1254
train/PNEUMONIA/person1255_virus_2132.jpeg,1,person1255
train/PNEUMONIA/person1256_bacteria_3214.jpeg,1,person1256
train/PNEUMONIA/person1257_bacteria_3215.jpeg,1,person1257
train/PNEUMONIA/person1259_bacteria_3217.jpeg,1,person1259
train/PNEUMONIA/person1259_virus_2139.jpeg,1,person1259
train/PNEUMONIA/person125_virus_254.jpeg,1,person125
train/PNEUMONIA/person1260_bacteria_3218.jpeg,1,person1260
train/PNEUMONIA/person1260_virus_2140.jpeg,1,person1260
train/PNEUMONIA/person1261_bacteria_3219.jpeg,1,person1261
train/PNEUMONIA/person1261_virus_2145.jpeg,1,person1261
train/PNEUMONIA/person1261_virus_2147.jpeg,1,person1261
train/PNEUMONIA/person1262_bacteria_3220.jpeg,1,person1262
train/PNEUMONIA/person1263_bacteria_3221.jpeg,1,person1263
train/PNEUMONIA/person1264_bacteria_3222.jpeg,1,person1264
train/PNEUMONIA/person1264_virus_2155.jpeg,1,person1264
train/PNEUMONIA/person1265_bacteria_3223.jpeg,1,person1265
train/PNEUMONIA/person1265_virus_2156.jpeg,1,person1265
train/PNEUMONIA/person1266_bacteria_3224.jpeg,1,person1266
train/PNEUMONIA/person1266_bacteria_3225.jpeg,1,person1266
train/PNEUMONIA/person1266_virus_2158.jpeg,1,person1266
train/PNEUMONIA/person1267_bacteria_3226.jpeg,1,person1267
train/PNEUMONIA/person1267_virus_2160.jpeg,1,person1267
train/PNEUMONIA/person1268_bacteria_3227.jpeg,1,person1268
train/PNEUMONIA/person1268_bacteria_3228.jpeg,1,person1268
train/PNEUMONIA/person1268_virus_2161.jpeg,1,person1268
train/PNEUMONIA/person1269_bacteria_3229.jpeg,1,person1269
train/PNEUMONIA/person1269_virus_2162.jpeg,1,person1269
train/PNEUMONIA/person1270_bacteria_3230.jpeg,1,person1270
train/PNEUMONIA/person1270_virus_2163.jpeg,1,person1270
train/PNEUMONIA/person1271_bacteria_3231.jpeg,1,person1271
train/PNEUMONIA/person1271_virus_2164.jpeg,1,person1271
train/PNEUMONIA/person1274_bacteria_3235.jpeg,1,person1274
train/PNEUMONIA/person1274_bacteria_3236.jpeg,1,person1274
train/PNEUMONIA/person1274_virus_2193.jpeg,1,person1274
train/PNEUMONIA/person1276_bacteria_3239.jpeg,1,person1276
train/PNEUMONIA/person1276_virus_2198.jpeg,1,person1276
train/PNEUMONIA/person1277_bacteria_3240.jpeg,1,person1277
train/PNEUMONIA/person1278_virus_2201.jpeg,1,person1278
train/PNEUMONIA/person1279_bacteria_3242.jpeg,1,person1279
train/PNEUMONIA/person1281_bacteria_3244.jpeg,1,person1281
train/PNEUMONIA/person1281_virus_2204.jpeg,1,person1281
train/PNEUMONIA/person1282_bacteria_3245.jpeg,1,person1282
train/PNEUMONIA/person1283_bacteria_3246.jpeg,1,person1283
train/PNEUMONIA/person1283_virus_2206.jpeg,1,person1283
train/PNEUMONIA/person1285_virus_2208.jpeg,1,person1285
train/PNEUMONIA/person1286_bacteria_3249.jpeg,1,person1286
train/PNEUMONIA/person1286_virus_2209.jpeg,1,person1286
train/PNEUMONIA/person1288_bacteria_3251.jpeg,1,person1288
train/PNEUMONIA/person1288_virus_2211.jpeg,1,person1288
train/PNEUMONIA/person1289_bacteria_3252.jpeg,1,person1289
train/PNEUMONIA/person128_virus_261.jpeg,1,person128
train/PNEUMONIA/person1291_virus_2217.jpeg,1,person1291
train/PNEUMONIA/person1292_bacteria_3255.jpeg,1,person1292
train/PNEUMONIA/person1292_virus_2218.jpeg,1,person1292
train/PNEUMONIA/person1293_virus_2219.jpeg,1,person1293
train/PNEUMONIA/person1294_bacteria_3257.jpeg,1,person1294
train/PNEUMONIA/person1294_virus_2221.jpeg,1,person1294
train/PNEUMONIA/person1294_virus_2222.jpeg,1,person1294
train/PNEUMONIA/person1295_bacteria_3258.jpeg,1,person1295
train/PNEUMONIA/person1295_virus_2223.jpeg,1,person1295
train/PNEUMONIA/person1297_bacteria_3260.jpeg,1,person1297
train/PNEUMONIA/person1298_bacteria_3261.jpeg,1,person1298
train/PNEUMONIA/person1298_virus_2226.jpeg,1,person1298
train/PNEUMONIA/person1298_virus_2228.jpeg,1,person1298
train/PNEUMONIA/person12_bacteria_46.jpeg,1,person12
train/PNEUMONIA/person12_bacteria_47.jpeg,1,person12
train/PNEUMONIA/person12_bacteria_48.jpeg,1,person12
train/PNEUMONIA/person1300_bacteria_3264.jpeg,1,person1300
train/PNEUMONIA/person1300_virus_2240.jpeg,1,person1300
train/PNEUMONIA/person1301_virus_2241.jpeg,1,person1301
train/PNEUMONIA/person1302_bacteria_3266.jpeg,1,person1302
train/PNEUMONIA/person1303_bacteria_3267.jpeg,1,person1303
train/PNEUMONIA/person1303_virus_2243.jpeg,1,person1303
train/PNEUMONIA/person1305_bacteria_3271.jpeg,1,person1305
train/PNEUMONIA/person1306_bacteria_3272.jpeg,1,person1306
train/PNEUMONIA/person1306_bacteria_3274.jpeg,1,person1306
train/PNEUMONIA/person1306_bacteria_3275.jpeg,1,person1306
train/PNEUMONIA/person1306_bacteria_3276.jpeg,1,person1306
train/PNEUMONIA/person1306_bacteria_3277.jpeg,1,person1306
train/PNEUMONIA/person1306_virus_2249.jpeg,1,person1306
train/PNEUMONIA/person1307_bacteria_3278.jpeg,1,person1307
train/PNEUMONIA/person1307_virus_2251.jpeg,1,person1307
train/PNEUMONIA/person1308_bacteria_3280.jpeg,1,person1308
train/PNEUMONIA/person1308_bacteria_3283.jpeg,1,person1308
train/PNEUMONIA/person1308_bacteria_3285.jpeg,1,person1308
train/PNEUMONIA/person1308_bacteria_3286.jpeg,1,person1308
train/PNEUMONIA/person1308_bacteria_3288.jpeg,1,person1308
train/PNEUMONIA/person1308_bacteria_3290.jpeg,1,person1308
train/PNEUMONIA/person1308_bacteria_3292.jpeg,1,person1308
train/PNEUMONIA/person1308_virus_2252.jpeg,1,person1308
train/PNEUMONIA/person1308_virus_2253.jpeg,1,person1308
train/PNEUMONIA/person1309_bacteria_3294.jpeg,1,person1309
train/PNEUMONIA/person1309_virus_2254.jpeg,1,person1309
train/PNEUMONIA/person130_virus_263.jpeg,1,person130
train/PNEUMONIA/person1311_bacteria_3312.jpeg,1,person1311
train/PNEUMONIA/person1311_virus_2257.jpeg,1,person1311
train/PNEUMONIA/person1311_virus_2259.jpeg,1,person1311
train/PNEUMONIA/person1312_bacteria_3313.jpeg,1,person1312
train/PNEUMONIA/person1312_bacteria_3314.jpeg,1,person1312
train/PNEUMONIA/person1312_bacteria_3316.jpeg,1,person1312
train/PNEUMONIA/person1312_bacteria_3317.jpeg,1,person1312
train/PNEUMONIA/person1312_bacteria_3319.jpeg,1,person1312
train/PNEUMONIA/person1312_virus_2261.jpeg,1,person1312
train/PNEUMONIA/person1313_bacteria_3320.jpeg,1,person1313
train/PNEUMONIA/person1313_virus_2264.jpeg,1,person1313
train/PNEUMONIA/person1314_virus_2266.jpeg,1,person1314
train/PNEUMONIA/person1314_virus_2268.jpeg,1,person1314
train/PNEUMONIA/person1314_virus_2269.jpeg,1,person1314
train/PNEUMONIA/person1315_bacteria_3322.jpeg,1,person1315
train/PNEUMONIA/person1315_virus_2270.jpeg,1,person1315
train/PNEUMONIA/person1316_bacteria_3326.jpeg,1,person1316
train/PNEUMONIA/person1316_virus_2271.jpeg,1,person1316
train/PNEUMONIA/person1317_bacteria_3332.jpeg,1,person1317
train/PNEUMONIA/person1317_virus_2273.jpeg,1,person1317
train/PNEUMONIA/person1318_bacteria_3334.jpeg,1,person1318
train/PNEUMONIA/person1318_bacteria_3335.jpeg,1,person1318
train/PNEUMONIA/person1318_virus_2274.jpeg,1,person1318
train/PNEUMONIA/person131_virus_265.jpeg,1,person131
train/PNEUMONIA/person1320_bacteria_3339.jpeg,1,person1320
train/PNEUMONIA/person1320_bacteria_3340.jpeg,1,person1320
train/PNEUMONIA/person1320_bacteria_3342.jpeg,1,person1320
train/PNEUMONIA/person1320_bacteria_3344.jpeg,1,person1320
train/PNEUMONIA/person1320_bacteria_3345.jpeg,1,person1320
train/PNEUMONIA/person1320_bacteria_3346.jpeg,1,person1320
train/PNEUMONIA/person1320_bacteria_3347.jpeg,1,person1320
train/PNEUMONIA/person1320_bacteria_3348.jpeg,1,person1320
train/PNEUMONIA/person1320_bacteria_3350.jpeg,1,person1320
train/PNEUMONIA/person1320_bacteria_3351.jpeg,1,person1320
train/PNEUMONIA/person1320_bacteria_3352.jpeg,1,person1320
train/PNEUMONIA/person1320_bacteria_3353.jpeg,1,person1320
train/PNEUMONIA/person1320_bacteria_3355.jpeg,1,person1320
train/PNEUMONIA/person1320_virus_2277.jpeg,1,person1320
train/PNEUMONIA/person1321_bacteria_3358.jpeg,1,person1321
train/PNEUMONIA/person1321_bacteria_3359.jpeg,1,person1321
train/PNEUMONIA/person1321_virus_2279.jpeg,1,person1321
train/PNEUMONIA/person1322_bacteria_3360.jpeg,1,person1322
train/PNEUMONIA/person1323_bacteria_3361.jpeg,1,person1323
train/PNEUMONIA/person1323_bacteria_3362.jpeg,1,person1323
train/PNEUMONIA/person1323_bacteria_3363.jpeg,1,person1323
train/PNEUMONIA/person1323_virus_2282.jpeg,1,person1323
train/PNEUMONIA/person1323_virus_2283.jpeg,1,person1323
train/PNEUMONIA/person1324_virus_2284.jpeg,1,person1324
train/PNEUMONIA/person1324_virus_2285.jpeg,1,person1324
train/PNEUMONIA/person1325_bacteria_3366.jpeg,1,person1325
train/PNEUMONIA/person1325_virus_2287.jpeg,1,person1325
train/PNEUMONIA/person1327_bacteria_3373.jpeg,1,person1327
train/PNEUMONIA/person1327_bacteria_3374.jpeg,1,person1327
train/PNEUMONIA/person1328_bacteria_3376.jpeg,1,person1328
train/PNEUMONIA/person1328_virus_2293.jpeg,1,person1328
train/PNEUMONIA/person1328_virus_2294.jpeg,1,person1328
train/PNEUMONIA/person1328_virus_2295.jpeg,1,person1328
train/PNEUMONIA/person1329_bacteria_3377.jpeg,1,person1329
train/PNEUMONIA/person132_virus_266.jpeg,1,person132
train/PNEUMONIA/person1331_bacteria_3380.jpeg,1,person1331
train/PNEUMONIA/person1331_virus_2299.jpeg,1,person1331
train/PNEUMONIA/person1333_bacteria_3383.jpeg,1,person1333
train/PNEUMONIA/person1333_bacteria_3384.jpeg,1,person1333
train/PNEUMONIA/person1333_bacteria_3385.jpeg,1,person1333
train/PNEUMONIA/person1333_bacteria_3386.jpeg,1,person1333
train/PNEUMONIA/person1333_virus_2301.jpeg,1,person1333
train/PNEUMONIA/person1336_virus_2306.jpeg,1,person1336
train/PNEUMONIA/person1337_virus_2307.jpeg,1,person1337
train/PNEUMONIA/person1338_bacteria_3394.jpeg,1,person1338
train/PNEUMONIA/person1338_bacteria_3395.jpeg,1,person1338
train/PNEUMONIA/person1338_bacteria_3397.jpeg,1,person1338
train/PNEUMONIA/person1338_virus_2308.jpeg,1,person1338
train/PNEUMONIA/person1339_bacteria_3399.jpeg,1,person1339
train/PNEUMONIA/person1339_bacteria_3402.jpeg,1,person1339
train/PNEUMONIA/person1342_bacteria_3407.jpeg,1,person1342
train/PNEUMONIA/person1342_virus_2315.jpeg,1,person1342
train/PNEUMONIA/person1343_bacteria_3409.jpeg,1,person1343
train/PNEUMONIA/person1343_bacteria_3411.jpeg,1,person1343
train/PNEUMONIA/person1343_bacteria_3413.jpeg,1,person1343
train/PNEUMONIA/person1343_bacteria_3415.jpeg,1,person1343
train/PNEUMONIA/person1343_bacteria_3416.jpeg,1,person1343
train/PNEUMONIA/person1343_bacteria_3417.jpeg,1,person1343
train/PNEUMONIA/person1343_bacteria_3418.jpeg,1,person1343
train/PNEUMONIA/person1343_bacteria_3419.jpeg,1,person1343
train/PNEUMONIA/person1343_virus_2316.jpeg,1,person1343
train/PNEUMONIA/person1343_virus_2317.jpeg,1,person1343
train/PNEUMONIA/person1344_bacteria_3421.jpeg,1,person1344
train/PNEUMONIA/person1344_virus_2319.jpeg,1,person1344
train/PNEUMONIA/person1344_virus_2320.jpeg,1,person1344
train/PNEUMONIA/person1346_bacteria_3430.jpeg,1,person1346
train/PNEUMONIA/person1346_virus_2322.jpeg,1,person1346
train/PNEUMONIA/person1347_virus_2323.jpeg,1,person1347
train/PNEUMONIA/person1348_virus_2324.jpeg,1,person1348
train/PNEUMONIA/person1348_virus_2326.jpeg,1,person1348
train/PNEUMONIA/person134_virus_268.jpeg,1,person134
train/PNEUMONIA/person1350_virus_2329.jpeg,1,person1350
train/PNEUMONIA/person1351_bacteria_3441.jpeg,1,person1351
train/PNEUMONIA/person1351_virus_2330.jpeg,1,person1351
train/PNEUMONIA/person1353_bacteria_3446.jpeg,1,person1353
train/PNEUMONIA/person1353_virus_2333.jpeg,1,person1353
train/PNEUMONIA/person1354_bacteria_3448.jpeg,1,person1354
train/PNEUMONIA/person1355_bacteria_3449.jpeg,1,person1355
train/PNEUMONIA/person1355_bacteria_3452.jpeg,1,person1355
train/PNEUMONIA/person1355_virus_2336.jpeg,1,person1355
train/PNEUMONIA/person1357_virus_2338.jpeg,1,person1357
train/PNEUMONIA/person1358_bacteria_3463.jpeg,1,person1358
train/PNEUMONIA/person1358_bacteria_3465.jpeg,1,person1358
train/PNEUMONIA/person1358_virus_2339.jpeg,1,person1358
train/PNEUMONIA/person1359_virus_2340.jpeg,1,person1359
train/PNEUMONIA/person135_virus_270.jpeg,1,person135
train/PNEUMONIA/person135_virus_271.jpeg,1,person135
train/PNEUMONIA/person1360_virus_2341.jpeg,1,person1360
train/PNEUMONIA/person1361_bacteria_3476.jpeg,1,person1361
train/PNEUMONIA/person1361_bacteria_3477.jpeg,1,person1361
train/PNEUMONIA/person1361_virus_2342.jpeg,1,person1361
train/PNEUMONIA/person1361_virus_2344.jpeg,1,person1361
train/PNEUMONIA/person1362_virus_2345.jpeg,1,person1362
train/PNEUMONIA/person1365_bacteria_3489.jpeg,1,person1365
train/PNEUMONIA/person1365_virus_2348.jpeg,1,person1365
train/PNEUMONIA/person1367_virus_2351.jpeg,1,person1367
train/PNEUMONIA/person1368_virus_2352.jpeg,1,person1368
train/PNEUMONIA/person1368_virus_2353.jpeg,1,person1368
train/PNEUMONIA/person1368_virus_2354.jpeg,1,person1368
train/PNEUMONIA/person1369_virus_2355.jpeg,1,person1369
train/PNEUMONIA/person1369_virus_2356.jpeg,1,person1369
train/PNEUMONIA/person1371_virus_2361.jpeg,1,person1371
train/PNEUMONIA/person1371_virus_2362.jpeg,1,person1371
train/PNEUMONIA/person1375_bacteria_3509.jpeg,1,person1375
train/PNEUMONIA/person1375_bacteria_3510.jpeg,1,person1375
train/PNEUMONIA/person1375_virus_2366.jpeg,1,person1375
train/PNEUMONIA/person1376_bacteria_3511.jpeg,1,person1376
train/PNEUMONIA/person1376_virus_2367.jpeg,1,person1376
train/PNEUMONIA/person1378_bacteria_3513.jpeg,1,person1378
train/PNEUMONIA/person137_virus_281.jpeg,1,person137
train/PNEUMONIA/person1380_bacteria_3515.jpeg,1,person1380
train/PNEUMONIA/person1383_bacteria_3521.jpeg,1,person1383
train/PNEUMONIA/person1383_virus_2377.jpeg,1,person1383
train/PNEUMONIA/person1384_bacteria_3522.jpeg,1,person1384
train/PNEUMONIA/person1385_bacteria_3524.jpeg,1,person1385
train/PNEUMONIA/person1385_virus_2380.jpeg,1,person1385
train/PNEUMONIA/person1387_virus_2382.jpeg,1,person1387
train/PNEUMONIA/person1388_bacteria_3529.jpeg,1,person1388
train/PNEUMONIA/person1390_bacteria_3534.jpeg,1,person1390
train/PNEUMONIA/person1390_bacteria_3535.jpeg,1,person1390
train/PNEUMONIA/person1392_bacteria_3538.jpeg,1,person1392
train/PNEUMONIA/person1393_virus_2396.jpeg,1,person1393
train/PNEUMONIA/person1394_virus_2397.jpeg,1,person1394
train/PNEUMONIA/person1395_bacteria_3544.jpeg,1,person1395
train/PNEUMONIA/person1395_virus_2398.jpeg,1,person1395
train/PNEUMONIA/person1396_bacteria_3545.jpeg,1,person1396
train/PNEUMONIA/person1396_virus_2399.jpeg,1,person1396
train/PNEUMONIA/person1397_virus_2400.jpeg,1,person1397
train/PNEUMONIA/person1398_bacteria_3548.jpeg,1,person1398
train/PNEUMONIA/person1398_virus_2401.jpeg,1,person1398
train/PNEUMONIA/person1399_bacteria_3549.jpeg,1,person1399
train/PNEUMONIA/person1399_virus_2402.jpeg,1,person1399
train/PNEUMONIA/person139_virus_283.jpeg,1,person139
train/PNEUMONIA/person13_bacteria_49.jpeg,1,person13
train/PNEUMONIA/person13_bacteria_50.jpeg,1,person13
train/PNEUMONIA/person1400_bacteria_3550.jpeg,1,person1400
train/PNEUMONIA/person1400_bacteria_3551.jpeg,1,person1400
train/PNEUMONIA/person1400_bacteria_3553.jpeg,1,person1400
train/PNEUMONIA/person1400_bacteria_3554.jpeg,1,person1400
train/PNEUMONIA/person1401_bacteria_3555.jpeg,1,person1401
train/PNEUMONIA/person1402_virus_2405.jpeg,1,person1402
train/PNEUMONIA/person1403_bacteria_3557.jpeg,1,person1403
train/PNEUMONIA/person1403_bacteria_3559.jpeg,1,person1403
train/PNEUMONIA/person1403_virus_2406.jpeg,1,person1403
train/PNEUMONIA/person1404_bacteria_3561.jpeg,1,person1404
train/PNEUMONIA/person1405_bacteria_3564.jpeg,1,person1405
train/PNEUMONIA/person1405_bacteria_3566.jpeg,1,person1405
train/PNEUMONIA/person1405_bacteria_3567.jpeg,1,person1405
train/PNEUMONIA/person1405_bacteria_3571.jpeg,1,person1405
train/PNEUMONIA/person1405_bacteria_3573.jpeg,1,person1405
train/PNEUMONIA/person1405_virus_2408.jpeg,1,person1405
train/PNEUMONIA/person1406_bacteria_3574.jpeg,1,person1406
train/PNEUMONIA/person1406_bacteria_3575.jpeg,1,person1406
train/PNEUMONIA/person1406_virus_2409.jpeg,1,person1406
train/PNEUMONIA/person1407_virus_2410.jpeg,1,person1407
train/PNEUMONIA/person1408_bacteria_3579.jpeg,1,person1408
train/PNEUMONIA/person1408_bacteria_3581.jpeg,1,person1408
train/PNEUMONIA/person1408_virus_2411.jpeg,1,person1408
train/PNEUMONIA/person1409_bacteria_3583.jpeg,1,person1409
train/PNEUMONIA/person1409_bacteria_3585.jpeg,1,person1409
train/PNEUMONIA/person1409_virus_2413.jpeg,1,person1409
train/PNEUMONIA/person140_virus_284.jpeg,1,person140
train/PNEUMONIA/person140_virus_285.jpeg,1,person140
train/PNEUMONIA/person1411_bacteria_3591.jpeg,1,person1411
train/PNEUMONIA/person1411_bacteria_3593.jpeg,1,person1411
train/PNEUMONIA/person1411_bacteria_3598.jpeg,1,person1411
train/PNEUMONIA/person1411_bacteria_3599.jpeg,1,person1411
train/PNEUMONIA/person1411_bacteria_3601.jpeg,1,person1411
train/PNEUMONIA/person1411_bacteria_3602.jpeg,1,person1411
train/PNEUMONIA/person1411_bacteria_3603.jpeg,1,person1411
train/PNEUMONIA/person1411_bacteria_3604.jpeg,1,person1411
train/PNEUMONIA/person1411_bacteria_3607.jpeg,1,person1411
train/PNEUMONIA/person1411_bacteria_3609.jpeg,1,person1411
train/PNEUMONIA/person1411_bacteria_3610.jpeg,1,person1411
train/PNEUMONIA/person1411_virus_2415.jpeg,1,person1411
train/PNEUMONIA/person1412_bacteria_3612.jpeg,1,person1412
train/PNEUMONIA/person1413_bacteria_3613.jpeg,1,person1413
train/PNEUMONIA/person1413_bacteria_3615.jpeg,1,person1413
train/PNEUMONIA/person1413_bacteria_3617.jpeg,1,person1413
train/PNEUMONIA/person1413_bacteria_3620.jpeg,1,person1413
train/PNEUMONIA/person1413_virus_2422.jpeg,1,person1413
train/PNEUMONIA/person1413_virus_2423.jpeg,1,person1413
train/PNEUMONIA/person1414_bacteria_3627.jpeg,1,person1414
train/PNEUMONIA/person1414_bacteria_3628.jpeg,1,person1414
train/PNEUMONIA/person1414_virus_2424.jpeg,1,person1414
train/PNEUMONIA/person1415_bacteria_3629.jpeg,1,person1415
train/PNEUMONIA/person1415_virus_2425.jpeg,1,person1415
train/PNEUMONIA/person1416_virus_2427.jpeg,1,person1416
train/PNEUMONIA/person1417_bacteria_3635.jpeg,1,person1417
train/PNEUMONIA/person1418_bacteria_3636.jpeg,1,person1418
train/PNEUMONIA/person1418_bacteria_3637.jpeg,1,person1418
train/PNEUMONIA/person1418_bacteria_3638.jpeg,1,person1418
train/PNEUMONIA/person1418_bacteria_3639.jpeg,1,person1418
train/PNEUMONIA/person1418_bacteria_3643.jpeg,1,person1418
train/PNEUMONIA/person1418_virus_2429.jpeg,1,person1418
train/PNEUMONIA/person1419_bacteria_3645.jpeg,1,person1419
train/PNEUMONIA/person141_virus_287.jpeg,1,person141
train/PNEUMONIA/person1420_bacteria_3647.jpeg,1,person1420
train/PNEUMONIA/person1420_virus_2431.jpeg,1,person1420
train/PNEUMONIA/person1422_bacteria_3649.jpeg,1,person1422
train/PNEUMONIA/person1422_virus_2434.jpeg,1,person1422
train/PNEUMONIA/person1424_bacteria_3651.jpeg,1,person1424
train/PNEUMONIA/person1424_virus_2437.jpeg,1,person1424
train/PNEUMONIA/person1425_virus_2438.jpeg,1,person1425
train/PNEUMONIA/person1427_virus_2441.jpeg,1,person1427
train/PNEUMONIA/person1428_virus_2442.jpeg,1,person1428
train/PNEUMONIA/person1429_bacteria_3688.jpeg,1,person1429
train/PNEUMONIA/person1429_bacteria_3690.jpeg,1,person1429
train/PNEUMONIA/person1429_bacteria_3691.jpeg,1,person1429
train/PNEUMONIA/person1429_virus_2443.jpeg,1,person1429
train/PNEUMONIA/person142_virus_288.jpeg,1,person142
train/PNEUMONIA/person1430_bacteria_3693.jpeg,1,person1430
train/PNEUMONIA/person1430_bacteria_3694.jpeg,1,person1430
train/PNEUMONIA/person1430_bacteria_3695.jpeg,1,person1430
train/PNEUMONIA/person1430_bacteria_3697.jpeg,1,person1430
train/PNEUMONIA/person1430_virus_2444.jpeg,1,person1430
train/PNEUMONIA/person1431_bacteria_3698.jpeg,1,person1431
train/PNEUMONIA/person1432_bacteria_3699.jpeg,1,person1432
train/PNEUMONIA/person1433_bacteria_3701.jpeg,1,person1433
train/PNEUMONIA/person1433_bacteria_3704.jpeg,1,person1433
train/PNEUMONIA/person1433_bacteria_3705.jpeg,1,person1433
train/PNEUMONIA/person1433_virus_2447.jpeg,1,person1433
train/PNEUMONIA/person1436_bacteria_3711.jpeg,1,person1436
train/PNEUMONIA/person1436_bacteria_3712.jpeg,1,person1436
train/PNEUMONIA/person1438_bacteria_3715.jpeg,1,person1438
train/PNEUMONIA/person1438_bacteria_3718.jpeg,1,person1438
train/PNEUMONIA/person1438_bacteria_3721.jpeg,1,person1438
train/PNEUMONIA/person1438_virus_2452.jpeg,1,person1438
train/PNEUMONIA/person1439_bacteria_3722.jpeg,1,person1439
train/PNEUMONIA/person1439_virus_2453.jpeg,1,person1439
train/PNEUMONIA/person143_virus_289.jpeg,1,person143
train/PNEUMONIA/person1440_bacteria_3723.jpeg,1,person1440
train/PNEUMONIA/person1441_bacteria_3724.jpeg,1,person1441
train/PNEUMONIA/person1441_virus_2454.jpeg,1,person1441
train/PNEUMONIA/person1441_virus_2457.jpeg,1,person1441
train/PNEUMONIA/person1442_bacteria_3726.jpeg,1,person1442
train/PNEUMONIA/person1444_bacteria_3732.jpeg,1,person1444
train/PNEUMONIA/person1445_bacteria_3734.jpeg,1,person1445
train/PNEUMONIA/person1445_bacteria_3735.jpeg,1,person1445
train/PNEUMONIA/person1446_bacteria_3737.jpeg,1,person1446
train/PNEUMONIA/person1446_bacteria_3739.jpeg,1,person1446
train/PNEUMONIA/person1446_bacteria_3740.jpeg,1,person1446
train/PNEUMONIA/person1447_bacteria_3741.jpeg,1,person1447
train/PNEUMONIA/person1448_virus_2468.jpeg,1,person1448
train/PNEUMONIA/person1449_bacteria_3743.jpeg,1,person1449
train/PNEUMONIA/person1449_bacteria_3745.jpeg,1,person1449
train/PNEUMONIA/person1449_bacteria_3746.jpeg,1,person1449
train/PNEUMONIA/person1449_bacteria_3747.jpeg,1,person1449
train/PNEUMONIA/person1449_virus_2474.jpeg,1,person1449
train/PNEUMONIA/person1449_virus_2476.jpeg,1,person1449
train/PNEUMONIA/person1450_bacteria_3753.jpeg,1,person1450
train/PNEUMONIA/person1451_virus_2479.jpeg,1,person1451
train/PNEUMONIA/person1451_virus_2480.jpeg,1,person1451
train/PNEUMONIA/person1451_virus_2482.jpeg,1,person1451
train/PNEUMONIA/person1452_virus_2484.jpeg,1,person1452
train/PNEUMONIA/person1453_bacteria_3770.jpeg,1,person1453
train/PNEUMONIA/person1453_bacteria_3771.jpeg,1,person1453
train/PNEUMONIA/person1453_bacteria_3772.jpeg,1,person1453
train/PNEUMONIA/person1453_virus_2485.jpeg,1,person1453
train/PNEUMONIA/person1458_virus_2501.jpeg,1,person1458
train/PNEUMONIA/person1458_virus_2502.jpeg,1,person1458
train/PNEUMONIA/person1458_virus_2503.jpeg,1,person1458
train/PNEUMONIA/person1459_bacteria_3796.jpeg,1,person1459
train/PNEUMONIA/person1459_bacteria_3797.jpeg,1,person1459
train/PNEUMONIA/person1459_virus_2506.jpeg,1,person1459
train/PNEUMONIA/person1460_bacteria_3801.jpeg,1,person1460
train/PNEUMONIA/person1460_bacteria_3805.jpeg,1,person1460
train/PNEUMONIA/person1460_virus_2507.jpeg,1,person1460
train/PNEUMONIA/person1460_virus_2509.jpeg,1,person1460
train/PNEUMONIA/person1461_virus_2510.jpeg,1,person1461
train/PNEUMONIA/person1462_virus_2512.jpeg,1,person1462
train/PNEUMONIA/person1463_bacteria_3808.jpeg,1,person1463
train/PNEUMONIA/person1463_bacteria_3809.jpeg,1,person1463
train/PNEUMONIA/person1463_bacteria_3811.jpeg,1,person1463
train/PNEUMONIA/person1463_virus_2516.jpeg,1,person1463
train/PNEUMONIA/person1465_virus_2530.jpeg,1,person1465
train/PNEUMONIA/person1465_virus_2531.jpeg,1,person1465
train/PNEUMONIA/person1465_virus_2532.jpeg,1,person1465
train/PNEUMONIA/person1465_virus_2537.jpeg,1,person1465
train/PNEUMONIA/person1466_virus_2541.jpeg,1,person1466
train/PNEUMONIA/person1466_virus_2542.jpeg,1,person1466
train/PNEUMONIA/person1466_virus_2543.jpeg,1,person1466
train/PNEUMONIA/person1467_virus_2544.jpeg,1,person1467
train/PNEUMONIA/person1468_bacteria_3822.jpeg,1,person1468
train/PNEUMONIA/person1468_virus_2545.jpeg,1,person1468
train/PNEUMONIA/person1468_virus_2546.jpeg,1,person1468
train/PNEUMONIA/person1469_bacteria_3824.jpeg,1,person1469
train/PNEUMONIA/person1469_bacteria_3827.jpeg,1,person1469
train/PNEUMONIA/person1469_virus_2547.jpeg,1,person1469
train/PNEUMONIA/person146_virus_296.jpeg,1,person146
train/PNEUMONIA/person1471_bacteria_3831.jpeg,1,person1471
train/PNEUMONIA/person1471_virus_2549.jpeg,1,person1471
train/PNEUMONIA/person1472_bacteria_3833.jpeg,1,person1472
train/PNEUMONIA/person1472_bacteria_3834.jpeg,1,person1472
train/PNEUMONIA/person1472_virus_2550.jpeg,1,person1472
train/PNEUMONIA/person1473_bacteria_3836.jpeg,1,person1473
train/PNEUMONIA/person1473_virus_2551.jpeg,1,person1473
train/PNEUMONIA/person1473_virus_2553.jpeg,1,person1473
train/PNEUMONIA/person1475_virus_2558.jpeg,1,person1475
train/PNEUMONIA/person1476_bacteria_3842.jpeg,1,person1476
train/PNEUMONIA/person1476_bacteria_3843.jpeg,1,person1476
train/PNEUMONIA/person1476_virus_2560.jpeg,1,person1476
train/PNEUMONIA/person1477_virus_2561.jpeg,1,person1477
train/PNEUMONIA/person1478_bacteria_3848.jpeg,1,person1478
train/PNEUMONIA/person147_virus_297.jpeg,1,person147
train/PNEUMONIA/person1480_bacteria_3858.jpeg,1,person1480
train/PNEUMONIA/person1480_bacteria_3859.jpeg,1,person1480
train/PNEUMONIA/person1480_virus_2566.jpeg,1,person1480
train/PNEUMONIA/person1481_bacteria_3862.jpeg,1,person1481
train/PNEUMONIA/person1481_bacteria_3864.jpeg,1,person1481
train/PNEUMONIA/person1481_bacteria_3866.jpeg,1,person1481
train/PNEUMONIA/person1481_bacteria_3868.jpeg,1,person1481
train/PNEUMONIA/person1481_virus_2567.jpeg,1,person1481
train/PNEUMONIA/person1482_bacteria_3870.jpeg,1,person1482
train/PNEUMONIA/person1482_bacteria_3874.jpeg,1,person1482
train/PNEUMONIA/person1482_virus_2569.jpeg,1,person1482
train/PNEUMONIA/person1482_virus_2570.jpeg,1,person1482
train/PNEUMONIA/person1482_virus_2571.jpeg,1,person1482
train/PNEUMONIA/person1482_virus_2572.jpeg,1,person1482
train/PNEUMONIA/person1482_virus_2573.jpeg,1,person1482
train/PNEUMONIA/person1483_bacteria_3876.jpeg,1,person1483
train/PNEUMONIA/person1483_virus_2574.jpeg,1,person1483
train/PNEUMONIA/person1484_bacteria_3878.jpeg,1,person1484
train/PNEUMONIA/person1484_virus_2576.jpeg,1,person1484
train/PNEUMONIA/person1484_virus_2577.jpeg,1,person1484
train/PNEUMONIA/person1486_bacteria_3881.jpeg,1,person1486
train/PNEUMONIA/person1486_bacteria_3883.jpeg,1,person1486
train/PNEUMONIA/person1486_bacteria_3884.jpeg,1,person1486
train/PNEUMONIA/person1486_bacteria_3885.jpeg,1,person1486
train/PNEUMONIA/person1486_virus_2580.jpeg,1,person1486
train/PNEUMONIA/person1488_bacteria_3887.jpeg,1,person1488
train/PNEUMONIA/person1488_virus_2585.jpeg,1,person1488
train/PNEUMONIA/person1488_virus_2587.jpeg,1,person1488
train/PNEUMONIA/person1488_virus_2589.jpeg,1,person1488
train/PNEUMONIA/person1488_virus_2592.jpeg,1,person1488
train/PNEUMONIA/person1488_virus_2593.jpeg,1,person1488
train/PNEUMONIA/person1489_bacteria_3889.jpeg,1,person1489
train/PNEUMONIA/person1489_virus_2594.jpeg,1,person1489
train/PNEUMONIA/person148_virus_298.jpeg,1,person148
train/PNEUMONIA/person1491_bacteria_3892.jpeg,1,person1491
train/PNEUMONIA/person1491_bacteria_3893.jpeg,1,person1491
train/PNEUMONIA/person1491_virus_2597.jpeg,1,person1491
train/PNEUMONIA/person1492_bacteria_3894.jpeg,1,person1492
train/PNEUMONIA/person1492_virus_2599.jpeg,1,person1492
train/PNEUMONIA/person1493_bacteria_3895.jpeg,1,person1493
train/PNEUMONIA/person1493_bacteria_3896.jpeg,1,person1493
train/PNEUMONIA/person1493_bacteria_3897.jpeg,1,person1493
train/PNEUMONIA/person1493_bacteria_3898.jpeg,1,person1493
train/PNEUMONIA/person1493_bacteria_3899.jpeg,1,person1493
train/PNEUMONIA/person1494_bacteria_3901.jpeg,1,person1494
train/PNEUMONIA/person1494_virus_2601.jpeg,1,person1494
train/PNEUMONIA/person1495_virus_2603.jpeg,1,person1495
train/PNEUMONIA/person1496_bacteria_3905.jpeg,1,person1496
train/PNEUMONIA/person1496_bacteria_3906.jpeg,1,person1496
train/PNEUMONIA/person1496_bacteria_3907.jpeg,1,person1496
train/PNEUMONIA/person1496_bacteria_3908.jpeg,1,person1496
train/PNEUMONIA/person1496_bacteria_3909.jpeg,1,person1496
train/PNEUMONIA/person1496_bacteria_3911.jpeg,1,person1496
train/PNEUMONIA/person1496_virus_2605.jpeg,1,person1496
train/PNEUMONIA/person1496_virus_2606.jpeg,1,person1496
train/PNEUMONIA/person1497_bacteria_3912.jpeg,1,person1497
train/PNEUMONIA/person1497_virus_2607.jpeg,1,person1497
train/PNEUMONIA/person149_virus_299.jpeg,1,person149
train/PNEUMONIA/person14_bacteria_51.jpeg,1,person14
train/PNEUMONIA/person1500_bacteria_3916.jpeg,1,person1500
train/PNEUMONIA/person1500_virus_2610.jpeg,1,person1500
train/PNEUMONIA/person1501_virus_2611.jpeg,1,person1501
train/PNEUMONIA/person1503_virus_2613.jpeg,1,person1503
train/PNEUMONIA/person1505_virus_2615.jpeg,1,person1505
train/PNEUMONIA/person1506_bacteria_3933.jpeg,1,person1506
train/PNEUMONIA/person1506_virus_2616.jpeg,1,person1506
train/PNEUMONIA/person1507_bacteria_3935.jpeg,1,person1507
train/PNEUMONIA/person1507_bacteria_3942.jpeg,1,person1507
train/PNEUMONIA/person1507_bacteria_3943.jpeg,1,person1507
train/PNEUMONIA/person1507_bacteria_3944.jpeg,1,person1507
train/PNEUMONIA/person1507_bacteria_3945.jpeg,1,person1507
train/PNEUMONIA/person1507_bacteria_3946.jpeg,1,person1507
train/PNEUMONIA/person1507_bacteria_3947.jpeg,1,person1507
train/PNEUMONIA/person1507_bacteria_3948.jpeg,1,person1507
train/PNEUMONIA/person1508_bacteria_3949.jpeg,1,person1508
train/PNEUMONIA/person1509_bacteria_3951.jpeg,1,person1509
train/PNEUMONIA/person1509_virus_2621.jpeg,1,person1509
train/PNEUMONIA/person1511_bacteria_3955.jpeg,1,person1511
train/PNEUMONIA/person1512_bacteria_3958.jpeg,1,person1512
train/PNEUMONIA/person1512_virus_2631.jpeg,1,person1512
train/PNEUMONIA/person1513_bacteria_3962.jpeg,1,person1513
train/PNEUMONIA/person1513_virus_2632.jpeg,1,person1513
train/PNEUMONIA/person1514_bacteria_3964.jpeg,1,person1514
train/PNEUMONIA/person1514_virus_2633.jpeg,1,person1514
train/PNEUMONIA/person1516_virus_2643.jpeg,1,person1516
train/PNEUMONIA/person1517_bacteria_3968.jpeg,1,person1517
train/PNEUMONIA/person1517_virus_2644.jpeg,1,person1517
train/PNEUMONIA/person1518_bacteria_3969.jpeg,1,person1518
train/PNEUMONIA/person1518_virus_2645.jpeg,1,person1518
train/PNEUMONIA/person1519_bacteria_3970.jpeg,1,person1519
train/PNEUMONIA/person1519_virus_2646.jpeg,1,person1519
train/PNEUMONIA/person151_virus_301.jpeg,1,person151
train/PNEUMONIA/person151_virus_302.jpeg,1,person151
train/PNEUMONIA/person1520_bacteria_3971.jpeg,1,person1520
train/PNEUMONIA/person1520_virus_2647.jpeg,1,person1520
train/PNEUMONIA/person1521_virus_2649.jpeg,1,person1521
train/PNEUMONIA/person1522_bacteria_3977.jpeg,1,person1522
train/PNEUMONIA/person1522_virus_2651.jpeg,1,person1522
train/PNEUMONIA/person1523_bacteria_3979.jpeg,1,person1523
train/PNEUMONIA/person1523_bacteria_3980.jpeg,1,person1523
train/PNEUMONIA/person1524_bacteria_3983.jpeg,1,person1524
train/PNEUMONIA/person1524_bacteria_3984.jpeg,1,person1524
train/PNEUMONIA/person1524_virus_2658.jpeg,1,person1524
train/PNEUMONIA/person1525_bacteria_3985.jpeg,1,person1525
train/PNEUMONIA/person1525_virus_2659.jpeg,1,person1525
train/PNEUMONIA/person1526_bacteria_3986.jpeg,1,person1526
train/PNEUMONIA/person1526_virus_2660.jpeg,1,person1526
train/PNEUMONIA/person1527_bacteria_3988.jpeg,1,person1527
train/PNEUMONIA/person1527_bacteria_3989.jpeg,1,person1527
train/PNEUMONIA/person1527_bacteria_3990.jpeg,1,person1527
train/PNEUMONIA/person1527_virus_2661.jpeg,1,person1527
train/PNEUMONIA/person1528_bacteria_3991.jpeg,1,person1528
train/PNEUMONIA/person1528_bacteria_3996.jpeg,1,person1528
train/PNEUMONIA/person1528_virus_2662.jpeg,1,person1528
train/PNEUMONIA/person1529_virus_2663.jpeg,1,person1529
train/PNEUMONIA/person152_virus_303.jpeg,1,person152
train/PNEUMONIA/person1530_bacteria_4000.jpeg,1,person1530
train/PNEUMONIA/person1530_virus_2664.jpeg,1,person1530
train/PNEUMONIA/person1531_bacteria_4003.jpeg,1,person1531
train/PNEUMONIA/person1531_virus_2666.jpeg,1,person1531
train/PNEUMONIA/person1532_virus_2667.jpeg,1,person1532
train/PNEUMONIA/person1534_virus_2670.jpeg,1,person1534
train/PNEUMONIA/person1535_bacteria_4015.jpeg,1,person1535
train/PNEUMONIA/person1535_bacteria_4016.jpeg,1,person1535
train/PNEUMONIA/person1535_bacteria_4017.jpeg,1,person1535
train/PNEUMONIA/person1535_virus_2672.jpeg,1,person1535
train/PNEUMONIA/person1536_bacteria_4018.jpeg,1,person1536
train/PNEUMONIA/person1536_virus_2673.jpeg,1,person1536
train/PNEUMONIA/person1537_bacteria_4019.jpeg,1,person1537
train/PNEUMONIA/person1537_bacteria_4020.jpeg,1,person1537
train/PNEUMONIA/person1537_virus_2674.jpeg,1,person1537
train/PNEUMONIA/person1538_bacteria_4021.jpeg,1,person1538
train/PNEUMONIA/person153_virus_304.jpeg,1,person153
train/PNEUMONIA/person1540_bacteria_4023.jpeg,1,person1540
train/PNEUMONIA/person1540_virus_2680.jpeg,1,person1540
train/PNEUMONIA/person1541_virus_2681.jpeg,1,person1541
train/PNEUMONIA/person1542_bacteria_4029.jpeg,1,person1542
train/PNEUMONIA/person1542_virus_2683.jpeg,1,person1542
train/PNEUMONIA/person1543_virus_2684.jpeg,1,person1543
train/PNEUMONIA/person1544_bacteria_4033.jpeg,1,person1544
train/PNEUMONIA/person1544_bacteria_4035.jpeg,1,person1544
train/PNEUMONIA/person1544_bacteria_4037.jpeg,1,person1544
train/PNEUMONIA/person1544_bacteria_4038.jpeg,1,person1544
train/PNEUMONIA/person1544_virus_2685.jpeg,1,person1544
train/PNEUMONIA/person1545_bacteria_4041.jpeg,1,person1545
train/PNEUMONIA/person1545_bacteria_4042.jpeg,1,person1545
train/PNEUMONIA/person1546_bacteria_4044.jpeg,1,person1546
train/PNEUMONIA/person1546_bacteria_4045.jpeg,1,person1546
train/PNEUMONIA/person1546_virus_2687.jpeg,1,person1546
train/PNEUMONIA/person1547_virus_2688.jpeg,1,person1547
train/PNEUMONIA/person1549_bacteria_4050.jpeg,1,person1549
train/PNEUMONIA/person1549_virus_2690.jpeg,1,person1549
train/PNEUMONIA/person154_virus_305.jpeg,1,person154
train/PNEUMONIA/person154_virus_306.jpeg,1,person154
train/PNEUMONIA/person1550_bacteria_4051.jpeg,1,person1550
train/PNEUMONIA/person1550_virus_2691.jpeg,1,person1550
train/PNEUMONIA/person1551_bacteria_4053.jpeg,1,person1551
train/PNEUMONIA/person1551_bacteria_4054.jpeg,1,person1551
train/PNEUMONIA/person1551_virus_2692.jpeg,1,person1551
train/PNEUMONIA/person1552_bacteria_4055.jpeg,1,person1552
train/PNEUMONIA/person1554_bacteria_4057.jpeg,1,person1554
train/PNEUMONIA/person1554_virus_2696.jpeg,1,person1554
train/PNEUMONIA/person1555_bacteria_4058.jpeg,1,person1555
train/PNEUMONIA/person1555_bacteria_4059.jpeg,1,person1555
train/PNEUMONIA/person1555_bacteria_4060.jpeg,1,person1555
train/PNEUMONIA/person1558_bacteria_4066.jpeg,1,person1558
train/PNEUMONIA/person155_virus_307.jpeg,1,person155
train/PNEUMONIA/person1561_bacteria_4077.jpeg,1,person1561
train/PNEUMONIA/person1562_bacteria_4078.jpeg,1,person1562
train/PNEUMONIA/person1562_bacteria_4081.jpeg,1,person1562
train/PNEUMONIA/person1562_bacteria_4087.jpeg,1,person1562
train/PNEUMONIA/person1562_bacteria_4089.jpeg,1,person1562
train/PNEUMONIA/person1563_bacteria_4092.jpeg,1,person1563
train/PNEUMONIA/person1564_bacteria_4094.jpeg,1,person1564
train/PNEUMONIA/person1564_virus_2719.jpeg,1,person1564
train/PNEUMONIA/person1565_bacteria_4095.jpeg,1,person1565
train/PNEUMONIA/person1566_bacteria_4099.jpeg,1,person1566
train/PNEUMONIA/person1567_bacteria_4100.jpeg,1,person1567
train/PNEUMONIA/person1567_virus_2722.jpeg,1,person1567
train/PNEUMONIA/person1568_virus_2723.jpeg,1,person1568
train/PNEUMONIA/person1571_bacteria_4108.jpeg,1,person1571
train/PNEUMONIA/person1571_bacteria_4110.jpeg,1,person1571
train/PNEUMONIA/person1571_virus_2728.jpeg,1,person1571
train/PNEUMONIA/person1576_bacteria_4120.jpeg,1,person1576
train/PNEUMONIA/person1576_bacteria_4121.jpeg,1,person1576
train/PNEUMONIA/person1576_bacteria_4122.jpeg,1,person1576
train/PNEUMONIA/person1576_bacteria_4124.jpeg,1,person1576
train/PNEUMONIA/person1576_bacteria_4126.jpeg,1,person1576
train/PNEUMONIA/person1576_bacteria_4127.jpeg,1,person1576
train/PNEUMONIA/person1576_bacteria_4128.jpeg,1,person1576
train/PNEUMONIA/person1576_bacteria_4129.jpeg,1,person1576
train/PNEUMONIA/person1576_virus_2734.jpeg,1,person1576
train/PNEUMONIA/person1577_virus_2735.jpeg,1,person1577
train/PNEUMONIA/person1579_bacteria_4133.jpeg,1,person1579
train/PNEUMONIA/person157_virus_311.jpeg,1,person157
train/PNEUMONIA/person1580_virus_2739.jpeg,1,person1580
train/PNEUMONIA/person1581_bacteria_4135.jpeg,1,person1581
train/PNEUMONIA/person1581_virus_2741.jpeg,1,person1581
train/PNEUMONIA/person1582_bacteria_4136.jpeg,1,person1582
train/PNEUMONIA/person1582_bacteria_4137.jpeg,1,person1582
train/PNEUMONIA/person1582_bacteria_4140.jpeg,1,person1582
train/PNEUMONIA/person1582_bacteria_4142.jpeg,1,person1582
train/PNEUMONIA/person1582_bacteria_4143.jpeg,1,person1582
train/PNEUMONIA/person1583_bacteria_4144.jpeg,1,person1583
train/PNEUMONIA/person1584_bacteria_4146.jpeg,1,person1584
train/PNEUMONIA/person1584_bacteria_4148.jpeg,1,person1584
train/PNEUMONIA/person1585_bacteria_4149.jpeg,1,person1585
train/PNEUMONIA/person1585_bacteria_4151.jpeg,1,person1585
train/PNEUMONIA/person1585_bacteria_4155.jpeg,1,person1585
train/PNEUMONIA/person1589_bacteria_4171.jpeg,1,person1589
train/PNEUMONIA/person1589_bacteria_4172.jpeg,1,person1589
train/PNEUMONIA/person1589_virus_2763.jpeg,1,person1589
train/PNEUMONIA/person158_virus_312.jpeg,1,person158
train/PNEUMONIA/person1590_bacteria_4174.jpeg,1,person1590
train/PNEUMONIA/person1590_bacteria_4175.jpeg,1,person1590
train/PNEUMONIA/person1590_bacteria_4176.jpeg,1,person1590
train/PNEUMONIA/person1590_virus_2764.jpeg,1,person1590
train/PNEUMONIA/person1592_bacteria_4178.jpeg,1,person1592
train/PNEUMONIA/person1592_virus_2766.jpeg,1,person1592
train/PNEUMONIA/person1593_virus_2767.jpeg,1,person1593
train/PNEUMONIA/person1594_bacteria_4182.jpeg,1,person1594
train/PNEUMONIA/person1594_virus_2768.jpeg,1,person1594
train/PNEUMONIA/person1595_bacteria_4183.jpeg,1,person1595
train/PNEUMONIA/person1595_virus_2771.jpeg,1,person1595
train/PNEUMONIA/person1596_bacteria_4184.jpeg,1,person1596
train/PNEUMONIA/person1597_bacteria_4187.jpeg,1,person1597
train/PNEUMONIA/person1597_bacteria_4188.jpeg,1,person1597
train/PNEUMONIA/person1597_bacteria_4189.jpeg,1,person1597
train/PNEUMONIA/person1597_bacteria_4190.jpeg,1,person1597
train/PNEUMONIA/person1597_bacteria_4191.jpeg,1,person1597
train/PNEUMONIA/person1597_bacteria_4192.jpeg,1,person1597
train/PNEUMONIA/person1597_bacteria_4193.jpeg,1,person1597
train/PNEUMONIA/person1597_bacteria_4194.jpeg,1,person1597
train/PNEUMONIA/person1599_bacteria_4200.jpeg,1,person1599
train/PNEUMONIA/person1599_bacteria_4201.jpeg,1,person1599
train/PNEUMONIA/person1599_virus_2775.jpeg,1,person1599
train/PNEUMONIA/person1599_virus_2776.jpeg,1,person1599
train/PNEUMONIA/person1600_bacteria_4202.jpeg,1,person1600
train/PNEUMONIA/person1600_virus_2777.jpeg,1,person1600
train/PNEUMONIA/person1601_bacteria_4209.jpeg,1,person1601
train/PNEUMONIA/person1601_bacteria_4212.jpeg,1,person1601
train/PNEUMONIA/person1602_bacteria_4218.jpeg,1,person1602
train/PNEUMONIA/person1602_virus_2780.jpeg,1,person1602
train/PNEUMONIA/person1603_virus_2781.jpeg,1,person1603
train/PNEUMONIA/person1604_virus_2782.jpeg,1,person1604
train/PNEUMONIA/person1605_bacteria_4226.jpeg,1,person1605
train/PNEUMONIA/person1607_bacteria_4232.jpeg,1,person1607
train/PNEUMONIA/person1607_virus_2785.jpeg,1,person1607
train/PNEUMONIA/person1608_bacteria_4235.jpeg,1,person1608
train/PNEUMONIA/person1609_bacteria_4236.jpeg,1,person1609
train/PNEUMONIA/person1609_bacteria_4237.jpeg,1,person1609
train/PNEUMONIA/person1609_bacteria_4239.jpeg,1,person1609
train/PNEUMONIA/person1609_virus_2790.jpeg,1,person1609
train/PNEUMONIA/person1609_virus_2791.jpeg,1,person1609
train/PNEUMONIA/person160_virus_316.jpeg,1,person160
train/PNEUMONIA/person1611_bacteria_4241.jpeg,1,person1611
train/PNEUMONIA/person1613_bacteria_4247.jpeg,1,person1613
train/PNEUMONIA/person1614_bacteria_4248.jpeg,1,person1614
train/PNEUMONIA/person1615_bacteria_4249.jpeg,1,person1615
train/PNEUMONIA/person1616_bacteria_4251.jpeg,1,person1616
train/PNEUMONIA/person1617_bacteria_4254.jpeg,1,person1617
train/PNEUMONIA/person1617_bacteria_4255.jpeg,1,person1617
train/PNEUMONIA/person1617_bacteria_4256.jpeg,1,person1617
train/PNEUMONIA/person1618_bacteria_4258.jpeg,1,person1618
train/PNEUMONIA/person1619_bacteria_4261.jpeg,1,person1619
train/PNEUMONIA/person1619_bacteria_4262.jpeg,1,person1619
train/PNEUMONIA/person1619_bacteria_4266.jpeg,1,person1619
train/PNEUMONIA/person1619_bacteria_4267.jpeg,1,person1619
train/PNEUMONIA/person1619_bacteria_4269.jpeg,1,person1619
train/PNEUMONIA/person1619_bacteria_4270.jpeg,1,person1619
train/PNEUMONIA/person1619_bacteria_4271.jpeg,1,person1619
train/PNEUMONIA/person1620_bacteria_4272.jpeg,1,person1620
train/PNEUMONIA/person1629_bacteria_4299.jpeg,1,person1629
train/PNEUMONIA/person162_virus_319.jpeg,1,person162
train/PNEUMONIA/person162_virus_320.jpeg,1,person162
train/PNEUMONIA/person162_virus_321.jpeg,1,person162
train/PNEUMONIA/person1630_bacteria_4303.jpeg,1,person1630
train/PNEUMONIA/person1630_bacteria_4304.jpeg,1,person1630
train/PNEUMONIA/person1634_bacteria_4326.jpeg,1,person1634
train/PNEUMONIA/person1634_bacteria_4331.jpeg,1,person1634
train/PNEUMONIA/person1634_bacteria_4334.jpeg,1,person1634
train/PNEUMONIA/person1635_bacteria_4335.jpeg,1,person1635
train/PNEUMONIA/person1636_bacteria_4337.jpeg,1,person1636
train/PNEUMONIA/person1636_bacteria_4338.jpeg,1,person1636
train/PNEUMONIA/person1637_bacteria_4339.jpeg,1,person1637
train/PNEUMONIA/person1638_bacteria_4340.jpeg,1,person1638
train/PNEUMONIA/person1638_bacteria_4341.jpeg,1,person1638
train/PNEUMONIA/person1638_bacteria_4342.jpeg,1,person1638
train/PNEUMONIA/person1639_bacteria_4343.jpeg,1,person1639
train/PNEUMONIA/person1639_bacteria_4344.jpeg,1,person1639
train/PNEUMONIA/person1639_bacteria_4345.jpeg,1,person1639
train/PNEUMONIA/person1639_bacteria_4347.jpeg,1,person1639
train/PNEUMONIA/person1640_bacteria_4348.jpeg,1,person1640
train/PNEUMONIA/person1641_bacteria_4350.jpeg,1,person1641
train/PNEUMONIA/person1642_bacteria_4352.jpeg,1,person1642
train/PNEUMONIA/person1642_bacteria_4353.jpeg,1,person1642
train/PNEUMONIA/person1643_bacteria_4354.jpeg,1,person1643
train/PNEUMONIA/person1645_bacteria_4363.jpeg,1,person1645
train/PNEUMONIA/person1646_bacteria_4368.jpeg,1,person1646
train/PNEUMONIA/person1647_bacteria_4372.jpeg,1,person1647
train/PNEUMONIA/person1648_bacteria_4373.jpeg,1,person1648
train/PNEUMONIA/person1648_bacteria_4375.jpeg,1,person1648
train/PNEUMONIA/person1648_bacteria_4376.jpeg,1,person1648
train/PNEUMONIA/person1649_bacteria_4377.jpeg,1,person1649
train/PNEUMONIA/person1649_bacteria_4378.jpeg,1,person1649
train/PNEUMONIA/person1649_bacteria_4379.jpeg,1,person1649
train/PNEUMONIA/person1651_bacteria_4381.jpeg,1,person1651
train/PNEUMONIA/person1652_bacteria_4383.jpeg,1,person1652
train/PNEUMONIA/person1657_bacteria_4398.jpeg,1,person1657
train/PNEUMONIA/person1657_bacteria_4399.jpeg,1,person1657
train/PNEUMONIA/person1657_bacteria_4400.jpeg,1,person1657
train/PNEUMONIA/person1658_bacteria_4402.jpeg,1,person1658
train/PNEUMONIA/person1661_bacteria_4406.jpeg,1,person1661
train/PNEUMONIA/person1663_bacteria_4411.jpeg,1,person1663
train/PNEUMONIA/person1663_bacteria_4412.jpeg,1,person1663
train/PNEUMONIA/person1665_bacteria_4415.jpeg,1,person1665
train/PNEUMONIA/person1667_bacteria_4417.jpeg,1,person1667
train/PNEUMONIA/person1667_bacteria_4418.jpeg,1,person1667
train/PNEUMONIA/person1669_bacteria_4422.jpeg,1,person1669
train/PNEUMONIA/person1669_bacteria_4423.jpeg,1,person1669
train/PNEUMONIA/person1669_bacteria_4424.jpeg,1,person1669
train/PNEUMONIA/person1670_bacteria_4425.jpeg,1,person1670
train/PNEUMONIA/person1670_bacteria_4426.jpeg,1,person1670
train/PNEUMONIA/person1670_bacteria_4427.jpeg,1,person1670
train/PNEUMONIA/person1670_bacteria_4428.jpeg,1,person1670
train/PNEUMONIA/person1670_bacteria_4429.jpeg,1,person1670
train/PNEUMONIA/person1670_bacteria_4430.jpeg,1,person1670
train/PNEUMONIA/person1670_bacteria_4431.jpeg,1,person1670
train/PNEUMONIA/person1673_bacteria_4434.jpeg,1,person1673
train/PNEUMONIA/person1674_bacteria_4437.jpeg,1,person1674
train/PNEUMONIA/person1677_bacteria_4443.jpeg,1,person1677
train/PNEUMONIA/person1677_bacteria_4444.jpeg,1,person1677
train/PNEUMONIA/person1678_bacteria_4446.jpeg,1,person1678
train/PNEUMONIA/person1679_bacteria_4448.jpeg,1,person1679
train/PNEUMONIA/person1679_bacteria_4449.jpeg,1,person1679
train/PNEUMONIA/person1679_bacteria_4450.jpeg,1,person1679
train/PNEUMONIA/person1679_bacteria_4452.jpeg,1,person1679
train/PNEUMONIA/person1679_bacteria_4453.jpeg,1,person1679
train/PNEUMONIA/person1680_bacteria_4455.jpeg,1,person1680
train/PNEUMONIA/person1683_bacteria_4460.jpeg,1,person1683
train/PNEUMONIA/person1684_bacteria_4461.jpeg,1,person1684
train/PNEUMONIA/person1684_bacteria_4462.jpeg,1,person1684
train/PNEUMONIA/person1684_bacteria_4463.jpeg,1,person1684
train/PNEUMONIA/person1685_bacteria_4465.jpeg,1,person1685
train/PNEUMONIA/person1686_bacteria_4466.jpeg,1,person1686
train/PNEUMONIA/person1687_bacteria_4468.jpeg,1,person1687
train/PNEUMONIA/person1689_bacteria_4472.jpeg,1,person1689
train/PNEUMONIA/person1689_bacteria_4473.jpeg,1,person1689
train/PNEUMONIA/person1689_bacteria_4474.jpeg,1,person1689
train/PNEUMONIA/person1690_bacteria_4475.jpeg,1,person1690
train/PNEUMONIA/person1693_bacteria_4485.jpeg,1,person1693
train/PNEUMONIA/person1695_bacteria_4492.jpeg,1,person1695
train/PNEUMONIA/person1696_bacteria_4495.jpeg,1,person1696
train/PNEUMONIA/person1697_bacteria_4496.jpeg,1,person1697
train/PNEUMONIA/person1698_bacteria_4497.jpeg,1,person1698
train/PNEUMONIA/person1699_bacteria_4498.jpeg,1,person1699
train/PNEUMONIA/person1701_bacteria_4504.jpeg,1,person1701
train/PNEUMONIA/person1702_bacteria_4506.jpeg,1,person1702
train/PNEUMONIA/person1702_bacteria_4508.jpeg,1,person1702
train/PNEUMONIA/person1702_bacteria_4509.jpeg,1,person1702
train/PNEUMONIA/person1702_bacteria_4510.jpeg,1,person1702
train/PNEUMONIA/person1702_bacteria_4511.jpeg,1,person1702
train/PNEUMONIA/person1705_bacteria_4515.jpeg,1,person1705
train/PNEUMONIA/person1706_bacteria_4516.jpeg,1,person1706
train/PNEUMONIA/person1707_bacteria_4520.jpeg,1,person1707
train/PNEUMONIA/person1708_bacteria_4521.jpeg,1,person1708
train/PNEUMONIA/person1709_bacteria_4522.jpeg,1,person1709
train/PNEUMONIA/person1709_bacteria_4523.jpeg,1,person1709
train/PNEUMONIA/person1709_bacteria_4524.jpeg,1,person1709
train/PNEUMONIA/person1710_bacteria_4525.jpeg,1,person1710
train/PNEUMONIA/person1710_bacteria_4526.jpeg,1,person1710
train/PNEUMONIA/person1711_bacteria_4527.jpeg,1,person1711
train/PNEUMONIA/person1712_bacteria_4529.jpeg,1,person1712
train/PNEUMONIA/person1713_bacteria_4530.jpeg,1,person1713
train/PNEUMONIA/person1715_bacteria_4532.jpeg,1,person1715
train/PNEUMONIA/person1716_bacteria_4533.jpeg,1,person1716
train/PNEUMONIA/person1717_bacteria_4534.jpeg,1,person1717
train/PNEUMONIA/person1717_bacteria_4536.jpeg,1,person1717
train/PNEUMONIA/person1718_bacteria_4538.jpeg,1,person1718
train/PNEUMONIA/person1718_bacteria_4540.jpeg,1,person1718
train/PNEUMONIA/person1719_bacteria_4541.jpeg,1,person1719
train/PNEUMONIA/person1719_bacteria_4542.jpeg,1,person1719
train/PNEUMONIA/person1719_bacteria_4544.jpeg,1,person1719
train/PNEUMONIA/person1720_bacteria_4545.jpeg,1,person1720
train/PNEUMONIA/person1721_bacteria_4546.jpeg,1,person1721
train/PNEUMONIA/person1722_bacteria_4547.jpeg,1,person1722
train/PNEUMONIA/person1723_bacteria_4548.jpeg,1,person1723
train/PNEUMONIA/person1724_bacteria_4549.jpeg,1,person1724
train/PNEUMONIA/person1725_bacteria_4550.jpeg,1,person1725
train/PNEUMONIA/person1725_bacteria_4551.jpeg,1,person1725
train/PNEUMONIA/person1726_bacteria_4552.jpeg,1,person1726
train/PNEUMONIA/person1729_bacteria_4557.jpeg,1,person1729
train/PNEUMONIA/person1730_bacteria_4558.jpeg,1,person1730
train/PNEUMONIA/person1730_bacteria_4559.jpeg,1,person1730
train/PNEUMONIA/person1732_bacteria_4564.jpeg,1,person1732
train/PNEUMONIA/person1733_bacteria_4566.jpeg,1,person1733
train/PNEUMONIA/person1737_bacteria_4573.jpeg,1,person1737
train/PNEUMONIA/person1739_bacteria_4576.jpeg,1,person1739
train/PNEUMONIA/person1740_bacteria_4579.jpeg,1,person1740
train/PNEUMONIA/person1744_bacteria_4583.jpeg,1,person1744
train/PNEUMONIA/person1745_bacteria_4584.jpeg,1,person1745
train/PNEUMONIA/person1746_bacteria_4585.jpeg,1,person1746
train/PNEUMONIA/person1748_bacteria_4588.jpeg,1,person1748
train/PNEUMONIA/person1749_bacteria_4590.jpeg,1,person1749
train/PNEUMONIA/person1751_bacteria_4592.jpeg,1,person1751
train/PNEUMONIA/person1753_bacteria_4594.jpeg,1,person1753
train/PNEUMONIA/person1756_bacteria_4598.jpeg,1,person1756
train/PNEUMONIA/person1757_bacteria_4599.jpeg,1,person1757
train/PNEUMONIA/person1758_bacteria_4600.jpeg,1,person1758
train/PNEUMONIA/person1760_bacteria_4602.jpeg,1,person1760
train/PNEUMONIA/person1761_bacteria_4603.jpeg,1,person1761
train/PNEUMONIA/person1763_bacteria_4606.jpeg,1,person1763
train/PNEUMONIA/person1764_bacteria_4607.jpeg,1,person1764
train/PNEUMONIA/person1765_bacteria_4608.jpeg,1,person1765
train/PNEUMONIA/person1770_bacteria_4613.jpeg,1,person1770
train/PNEUMONIA/person1770_bacteria_4614.jpeg,1,person1770
train/PNEUMONIA/person1771_bacteria_4615.jpeg,1,person1771
train/PNEUMONIA/person1777_bacteria_4622.jpeg,1,person1777
train/PNEUMONIA/person1784_bacteria_4631.jpeg,1,person1784
train/PNEUMONIA/person1790_bacteria_4638.jpeg,1,person1790
train/PNEUMONIA/person1799_bacteria_4647.jpeg,1,person1799
train/PNEUMONIA/person17_bacteria_56.jpeg,1,person17
train/PNEUMONIA/person1803_bacteria_4651.jpeg,1,person1803
train/PNEUMONIA/person1803_bacteria_4652.jpeg,1,person1803
train/PNEUMONIA/person1810_bacteria_4664.jpeg,1,person1810
train/PNEUMONIA/person1812_bacteria_4667.jpeg,1,person1812
train/PNEUMONIA/person1814_bacteria_4669.jpeg,1,person1814
train/PNEUMONIA/person1817_bacteria_4675.jpeg,1,person1817
train/PNEUMONIA/person1818_bacteria_4676.jpeg,1,person1818
train/PNEUMONIA/person1819_bacteria_4677.jpeg,1,person1819
train/PNEUMONIA/person1823_bacteria_4682.jpeg,1,person1823
train/PNEUMONIA/person1830_bacteria_4693.jpeg,1,person1830
train/PNEUMONIA/person1835_bacteria_4699.jpeg,1,person1835
train/PNEUMONIA/person1838_bacteria_4703.jpeg,1,person1838
train/PNEUMONIA/person1843_bacteria_4710.jpeg,1,person1843
train/PNEUMONIA/person1847_bacteria_4716.jpeg,1,person1847
train/PNEUMONIA/person1851_bacteria_4722.jpeg,1,person1851
train/PNEUMONIA/person1852_bacteria_4724.jpeg,1,person1852
train/PNEUMONIA/person1855_bacteria_4727.jpeg,1,person1855
train/PNEUMONIA/person1857_bacteria_4729.jpeg,1,person1857
train/PNEUMONIA/person1858_bacteria_4730.jpeg,1,person1858
train/PNEUMONIA/person1860_bacteria_4732.jpeg,1,person1860
train/PNEUMONIA/person1863_bacteria_4735.jpeg,1,person1863
train/PNEUMONIA/person1864_bacteria_4736.jpeg,1,person1864
train/PNEUMONIA/person1865_bacteria_4737.jpeg,1,person1865
train/PNEUMONIA/person1865_bacteria_4739.jpeg,1,person1865
train/PNEUMONIA/person1866_bacteria_4740.jpeg,1,person1866
train/PNEUMONIA/person1867_bacteria_4741.jpeg,1,person1867
train/PNEUMONIA/person1868_bacteria_4743.jpeg,1,person1868
train/PNEUMONIA/person1872_bacteria_4750.jpeg,1,person1872
train/PNEUMONIA/person1872_bacteria_4751.jpeg,1,person1872
train/PNEUMONIA/person1877_bacteria_4761.jpeg,1,person1877
train/PNEUMONIA/person1880_bacteria_4765.jpeg,1,person1880
train/PNEUMONIA/person1881_bacteria_4767.jpeg,1,person1881
train/PNEUMONIA/person1883_bacteria_4769.jpeg,1,person1883
train/PNEUMONIA/person1884_bacteria_4771.jpeg,1,person1884
train/PNEUMONIA/person1885_bacteria_4772.jpeg,1,person1885
train/PNEUMONIA/person1886_bacteria_4773.jpeg,1,person1886
train/PNEUMONIA/person1888_bacteria_4775.jpeg,1,person1888
train/PNEUMONIA/person1893_bacteria_4781.jpeg,1,person1893
train/PNEUMONIA/person1896_bacteria_4788.jpeg,1,person1896
train/PNEUMONIA/person1897_bacteria_4789.jpeg,1,person1897
train/PNEUMONIA/person18_bacteria_57.jpeg,1,person18
train/PNEUMONIA/person1903_bacteria_4797.jpeg,1,person1903
train/PNEUMONIA/person1904_bacteria_4798.jpeg,1,person1904
train/PNEUMONIA/person1905_bacteria_4801.jpeg,1,person1905
train/PNEUMONIA/person1906_bacteria_4803.jpeg,1,person1906
train/PNEUMONIA/person1907_bacteria_4806.jpeg,1,person1907
train/PNEUMONIA/person1910_bacteria_4814.jpeg,1,person1910
train/PNEUMONIA/person1911_bacteria_4815.jpeg,1,person1911
train/PNEUMONIA/person1912_bacteria_4816.jpeg,1,person1912
train/PNEUMONIA/person1912_bacteria_4817.jpeg,1,person1912
train/PNEUMONIA/person1916_bacteria_4821.jpeg,1,person1916
train/PNEUMONIA/person1917_bacteria_4823.jpeg,1,person1917
train/PNEUMONIA/person1918_bacteria_4825.jpeg,1,person1918
train/PNEUMONIA/person1921_bacteria_4828.jpeg,1,person1921
train/PNEUMONIA/person1922_bacteria_4830.jpeg,1,person1922
train/PNEUMONIA/person1923_bacteria_4831.jpeg,1,person1923
train/PNEUMONIA/person1924_bacteria_4832.jpeg,1,person1924
train/PNEUMONIA/person1924_bacteria_4833.jpeg,1,person1924
train/PNEUMONIA/person1926_bacteria_4835.jpeg,1,person1926
train/PNEUMONIA/person1927_bacteria_4836.jpeg,1,person1927
train/PNEUMONIA/person1927_bacteria_4837.jpeg,1,person1927
train/PNEUMONIA/person1929_bacteria_4839.jpeg,1,person1929
train/PNEUMONIA/person1930_bacteria_4841.jpeg,1,person1930
train/PNEUMONIA/person1931_bacteria_4842.jpeg,1,person1931
train/PNEUMONIA/person1932_bacteria_4843.jpeg,1,person1932
train/PNEUMONIA/person1933_bacteria_4844.jpeg,1,person1933
train/PNEUMONIA/person1934_bacteria_4846.jpeg,1,person1934
train/PNEUMONIA/person1935_bacteria_4847.jpeg,1,person1935
train/PNEUMONIA/person1935_bacteria_4848.jpeg,1,person1935
train/PNEUMONIA/person1935_bacteria_4849.jpeg,1,person1935
train/PNEUMONIA/person1935_bacteria_4850.jpeg,1,person1935
train/PNEUMONIA/person1936_bacteria_4852.jpeg,1,person1936
train/PNEUMONIA/person1938_bacteria_4854.jpeg,1,person1938
train/PNEUMONIA/person1940_bacteria_4859.jpeg,1,person1940
train/PNEUMONIA/person1940_bacteria_4861.jpeg,1,person1940
train/PNEUMONIA/person1940_bacteria_4862.jpeg,1,person1940
train/PNEUMONIA/person1942_bacteria_4865.jpeg,1,person1942
train/PNEUMONIA/person1944_bacteria_4869.jpeg,1,person1944
train/PNEUMONIA/person1945_bacteria_4872.jpeg,1,person1945
train/PNEUMONIA/person20_bacteria_64.jpeg,1,person20
train/PNEUMONIA/person20_bacteria_66.jpeg,1,person20
train/PNEUMONIA/person20_bacteria_67.jpeg,1,person20
train/PNEUMONIA/person20_bacteria_69.jpeg,1,person20
train/PNEUMONIA/person20_bacteria_70.jpeg,1,person20
train/PNEUMONIA/person21_bacteria_72.jpeg,1,person21
train/PNEUMONIA/person21_bacteria_73.jpeg,1,person21
train/PNEUMONIA/person22_bacteria_74.jpeg,1,person22
train/PNEUMONIA/person22_bacteria_76.jpeg,1,person22
train/PNEUMONIA/person22_bacteria_77.jpeg,1,person22
train/PNEUMONIA/person23_bacteria_100.jpeg,1,person23
train/PNEUMONIA/person23_bacteria_101.jpeg,1,person23
train/PNEUMONIA/person23_bacteria_102.jpeg,1,person23
train/PNEUMONIA/person23_bacteria_103.jpeg,1,person23
train/PNEUMONIA/person23_bacteria_104.jpeg,1,person23
train/PNEUMONIA/person23_bacteria_105.jpeg,1,person23
train/PNEUMONIA/person23_bacteria_106.jpeg,1,person23
train/PNEUMONIA/person23_bacteria_107.jpeg,1,person23
train/PNEUMONIA/person23_bacteria_78.jpeg,1,person23
train/PNEUMONIA/person23_bacteria_79.jpeg,1,person23
train/PNEUMONIA/person23_bacteria_80.jpeg,1,person23
train/PNEUMONIA/person23_bacteria_81.jpeg,1,person23
train/PNEUMONIA/person23_bacteria_82.jpeg,1,person23
train/PNEUMONIA/person23_bacteria_83.jpeg,1,person23
train/PNEUMONIA/person23_bacteria_84.jpeg,1,person23
train/PNEUMONIA/person23_bacteria_85.jpeg,1,person23
train/PNEUMONIA/person23_bacteria_86.jpeg,1,person23
train/PNEUMONIA/person23_bacteria_87.jpeg,1,person23
train/PNEUMONIA/person23_bacteria_88.jpeg,1,person23
train/PNEUMONIA/person23_bacteria_89.jpeg,1,person23
train/PNEUMONIA/person23_bacteria_90.jpeg,1,person23
train/PNEUMONIA/person23_bacteria_91.jpeg,1,person23
train/PNEUMONIA/person23_bacteria_92.jpeg,1,person23
train/PNEUMONIA/person23_bacteria_93.jpeg,1,person23
train/PNEUMONIA/person23_bacteria_94.jpeg,1,person23
train/PNEUMONIA/person23_bacteria_95.jpeg,1,person23
train/PNEUMONIA/person23_bacteria_96.jpeg,1,person23
train/PNEUMONIA/person23_bacteria_97.jpeg,1,person23
train/PNEUMONIA/person23_bacteria_98.jpeg,1,person23
train/PNEUMONIA/person23_bacteria_99.jpeg,1,person23
train/PNEUMONIA/person24_bacteria_108.jpeg,1,person24
train/PNEUMONIA/person24_bacteria_109.jpeg,1,person24
train/PNEUMONIA/person24_bacteria_110.jpeg,1,person24
train/PNEUMONIA/person24_bacteria_111.jpeg,1,person24
train/PNEUMONIA/person24_bacteria_112.jpeg,1,person24
train/PNEUMONIA/person253_bacteria_1152.jpeg,1,person253
train/PNEUMONIA/person253_bacteria_1153.jpeg,1,person253
train/PNEUMONIA/person253_bacteria_1154.jpeg,1,person253
train/PNEUMONIA/person253_bacteria_1155.jpeg,1,person253
train/PNEUMONIA/person253_bacteria_1156.jpeg,1,person253
train/PNEUMONIA/person253_bacteria_1157.jpeg,1,person253
train/PNEUMONIA/person255_bacteria_1160.jpeg,1,person255
train/PNEUMONIA/person255_bacteria_1161.jpeg,1,person255
train/PNEUMONIA/person255_bacteria_1162.jpeg,1,person255
train/PNEUMONIA/person255_bacteria_1165.jpeg,1,person255
train/PNEUMONIA/person255_bacteria_1175.jpeg,1,person255
train/PNEUMONIA/person255_bacteria_1182.jpeg,1,person255
train/PNEUMONIA/person255_bacteria_1188.jpeg,1,person255
train/PNEUMONIA/person255_virus_531.jpeg,1,person255
train/PNEUMONIA/person256_bacteria_1189.jpeg,1,person256
train/PNEUMONIA/person256_virus_537.jpeg,1,person256
train/PNEUMONIA/person257_bacteria_1191.jpeg,1,person257
train/PNEUMONIA/person257_bacteria_1193.jpeg,1,person257
train/PNEUMONIA/person257_bacteria_1194.jpeg,1,person257
train/PNEUMONIA/person257_bacteria_1195.jpeg,1,person257
train/PNEUMONIA/person257_bacteria_1196.jpeg,1,person257
train/PNEUMONIA/person257_bacteria_1197.jpeg,1,person257
train/PNEUMONIA/person257_bacteria_1199.jpeg,1,person257
train/PNEUMONIA/person257_bacteria_1200.jpeg,1,person257
train/PNEUMONIA/person257_virus_538.jpeg,1,person257
train/PNEUMONIA/person259_bacteria_1217.jpeg,1,person259
train/PNEUMONIA/person259_bacteria_1219.jpeg,1,person259
train/PNEUMONIA/person259_bacteria_1220.jpeg,1,person259
train/PNEUMONIA/person259_virus_540.jpeg,1,person259
train/PNEUMONIA/person25_bacteria_113.jpeg,1,person25
train/PNEUMONIA/person25_bacteria_114.jpeg,1,person25
train/PNEUMONIA/person25_bacteria_115.jpeg,1,person25
train/PNEUMONIA/person25_bacteria_116.jpeg,1,person25
train/PNEUMONIA/person25_bacteria_117.jpeg,1,person25
train/PNEUMONIA/person25_bacteria_118.jpeg,1,person25
train/PNEUMONIA/person25_bacteria_119.jpeg,1,person25
train/PNEUMONIA/person25_bacteria_120.jpeg,1,person25
train/PNEUMONIA/person25_bacteria_121.jpeg,1,person25
train/PNEUMONIA/person260_bacteria_1222.jpeg,1,person260
train/PNEUMONIA/person260_bacteria_1223.jpeg,1,person260
train/PNEUMONIA/person260_bacteria_1224.jpeg,1,person260
train/PNEUMONIA/person260_virus_541.jpeg,1,person260
train/PNEUMONIA/person262_bacteria_1226.jpeg,1,person262
train/PNEUMONIA/person262_virus_544.jpeg,1,person262
train/PNEUMONIA/person262_virus_545.jpeg,1,person262
train/PNEUMONIA/person263_bacteria_1227.jpeg,1,person263
train/PNEUMONIA/person263_virus_546.jpeg,1,person263
train/PNEUMONIA/person264_bacteria_1228.jpeg,1,person264
train/PNEUMONIA/person264_bacteria_1229.jpeg,1,person264
train/PNEUMONIA/person264_bacteria_1230.jpeg,1,person264
train/PNEUMONIA/person264_bacteria_1232.jpeg,1,person264
train/PNEUMONIA/person264_bacteria_1233.jpeg,1,person264
train/PNEUMONIA/person264_bacteria_1234.jpeg,1,person264
train/PNEUMONIA/person264_virus_547.jpeg,1,person264
train/PNEUMONIA/person265_bacteria_1235.jpeg,1,person265
train/PNEUMONIA/person265_bacteria_1236.jpeg,1,person265
train/PNEUMONIA/person265_virus_548.jpeg,1,person265
train/PNEUMONIA/person267_bacteria_1250.jpeg,1,person267
train/PNEUMONIA/person267_bacteria_1251.jpeg,1,person267
train/PNEUMONIA/person267_bacteria_1252.jpeg,1,person267
train/PNEUMONIA/person267_bacteria_1253.jpeg,1,person267
train/PNEUMONIA/person267_virus_552.jpeg,1,person267
train/PNEUMONIA/person268_virus_553.jpeg,1,person268
train/PNEUMONIA/person26_bacteria_122.jpeg,1,person26
train/PNEUMONIA/person26_bacteria_123.jpeg,1,person26
train/PNEUMONIA/person26_bacteria_124.jpeg,1,person26
train/PNEUMONIA/person26_bacteria_126.jpeg,1,person26
train/PNEUMONIA/person26_bacteria_127.jpeg,1,person26
train/PNEUMONIA/person26_bacteria_128.jpeg,1,person26
train/PNEUMONIA/person26_bacteria_129.jpeg,1,person26
train/PNEUMONIA/person26_bacteria_130.jpeg,1,person26
train/PNEUMONIA/person26_bacteria_131.jpeg,1,person26
train/PNEUMONIA/person26_bacteria_132.jpeg,1,person26
train/PNEUMONIA/person26_bacteria_133.jpeg,1,person26
train/PNEUMONIA/person270_virus_555.jpeg,1,person270
train/PNEUMONIA/person271_virus_556.jpeg,1,person271
train/PNEUMONIA/person272_virus_559.jpeg,1,person272
train/PNEUMONIA/person273_virus_561.jpeg,1,person273
train/PNEUMONIA/person273_virus_562.jpeg,1,person273
train/PNEUMONIA/person274_bacteria_1288.jpeg,1,person274
train/PNEUMONIA/person274_bacteria_1289.jpeg,1,person274
train/PNEUMONIA/person274_bacteria_1290.jpeg,1,person274
train/PNEUMONIA/person274_virus_563.jpeg,1,person274
train/PNEUMONIA/person275_bacteria_1291.jpeg,1,person275
train/PNEUMONIA/person275_bacteria_1293.jpeg,1,person275
train/PNEUMONIA/person275_bacteria_1294.jpeg,1,person275
train/PNEUMONIA/person275_virus_565.jpeg,1,person275
train/PNEUMONIA/person276_bacteria_1295.jpeg,1,person276
train/PNEUMONIA/person276_bacteria_1296.jpeg,1,person276
train/PNEUMONIA/person276_bacteria_1297.jpeg,1,person276
train/PNEUMONIA/person276_bacteria_1298.jpeg,1,person276
train/PNEUMONIA/person276_bacteria_1299.jpeg,1,person276
train/PNEUMONIA/person276_virus_569.jpeg,1,person276
train/PNEUMONIA/person277_bacteria_1300.jpeg,1,person277
train/PNEUMONIA/person277_bacteria_1301.jpeg,1,person277
train/PNEUMONIA/person277_bacteria_1302.jpeg,1,person277
train/PNEUMONIA/person277_bacteria_1303.jpeg,1,person277
train/PNEUMONIA/person277_bacteria_1304.jpeg,1,person277
train/PNEUMONIA/person277_bacteria_1305.jpeg,1,person277
train/PNEUMONIA/person277_bacteria_1306.jpeg,1,person277
train/PNEUMONIA/person277_bacteria_1307.jpeg,1,person277
train/PNEUMONIA/person277_virus_571.jpeg,1,person277
train/PNEUMONIA/person279_bacteria_1315.jpeg,1,person279
train/PNEUMONIA/person279_bacteria_1316.jpeg,1,person279
train/PNEUMONIA/person279_virus_576.jpeg,1,person279
train/PNEUMONIA/person281_bacteria_1323.jpeg,1,person281
train/PNEUMONIA/person281_bacteria_1324.jpeg,1,person281
train/PNEUMONIA/person281_bacteria_1325.jpeg,1,person281
train/PNEUMONIA/person281_bacteria_1326.jpeg,1,person281
train/PNEUMONIA/person281_bacteria_1327.jpeg,1,person281
train/PNEUMONIA/person281_bacteria_1328.jpeg,1,person281
train/PNEUMONIA/person281_bacteria_1329.jpeg,1,person281
train/PNEUMONIA/person281_bacteria_1330.jpeg,1,person281
train/PNEUMONIA/person281_bacteria_1331.jpeg,1,person281
train/PNEUMONIA/person281_bacteria_1332.jpeg,1,person281
train/PNEUMONIA/person281_bacteria_1333.jpeg,1,person281
train/PNEUMONIA/person281_virus_578.jpeg,1,person281
train/PNEUMONIA/person282_virus_579.jpeg,1,person282
train/PNEUMONIA/person284_virus_582.jpeg,1,person284
train/PNEUMONIA/person286_virus_585.jpeg,1,person286
train/PNEUMONIA/person287_bacteria_1354.jpeg,1,person287
train/PNEUMONIA/person287_bacteria_1355.jpeg,1,person287
train/PNEUMONIA/person287_virus_586.jpeg,1,person287
train/PNEUMONIA/person289_virus_593.jpeg,1,person289
train/PNEUMONIA/person28_bacteria_139.jpeg,1,person28
train/PNEUMONIA/person28_bacteria_141.jpeg,1,person28
train/PNEUMONIA/person28_bacteria_142.jpeg,1,person28
train/PNEUMONIA/person28_bacteria_143.jpeg,1,person28
train/PNEUMONIA/person291_bacteria_1374.jpeg,1,person291
train/PNEUMONIA/person291_bacteria_1376.jpeg,1,person291
train/PNEUMONIA/person291_bacteria_1377.jpeg,1,person291
train/PNEUMONIA/person291_virus_596.jpeg,1,person291
train/PNEUMONIA/person293_bacteria_1379.jpeg,1,person293
train/PNEUMONIA/person293_virus_604.jpeg,1,person293
train/PNEUMONIA/person293_virus_605.jpeg,1,person293
train/PNEUMONIA/person295_bacteria_1389.jpeg,1,person295
train/PNEUMONIA/person295_bacteria_1390.jpeg,1,person295
train/PNEUMONIA/person295_virus_612.jpeg,1,person295
train/PNEUMONIA/person296_bacteria_1391.jpeg,1,person296
train/PNEUMONIA/person296_bacteria_1392.jpeg,1,person296
train/PNEUMONIA/person296_bacteria_1393.jpeg,1,person296
train/PNEUMONIA/person296_bacteria_1394.jpeg,1,person296
train/PNEUMONIA/person296_bacteria_1395.jpeg,1,person296
train/PNEUMONIA/person296_bacteria_1396.jpeg,1,person296
train/PNEUMONIA/person296_bacteria_1397.jpeg,1,person296
train/PNEUMONIA/person296_virus_613.jpeg,1,person296
train/PNEUMONIA/person297_bacteria_1400.jpeg,1,person297
train/PNEUMONIA/person297_bacteria_1404.jpeg,1,person297
train/PNEUMONIA/person297_virus_614.jpeg,1,person297
train/PNEUMONIA/person298_bacteria_1408.jpeg,1,person298
train/PNEUMONIA/person298_bacteria_1409.jpeg,1,person298
train/PNEUMONIA/person298_bacteria_1410.jpeg,1,person298
train/PNEUMONIA/person298_bacteria_1411.jpeg,1,person298
train/PNEUMONIA/person298_bacteria_1412.jpeg,1,person298
train/PNEUMONIA/person298_bacteria_1413.jpeg,1,person298
train/PNEUMONIA/person298_virus_617.jpeg,1,person298
train/PNEUMONIA/person298_virus_618.jpeg,1,person298
train/PNEUMONIA/person299_bacteria_1414.jpeg,1,person299
train/PNEUMONIA/person299_bacteria_1416.jpeg,1,person299
train/PNEUMONIA/person299_bacteria_1417.jpeg,1,person299
train/PNEUMONIA/person299_bacteria_1418.jpeg,1,person299
train/PNEUMONIA/person299_bacteria_1419.jpeg,1,person299
train/PNEUMONIA/person299_virus_620.jpeg,1,person299
train/PNEUMONIA/person29_bacteria_144.jpeg,1,person29
train/PNEUMONIA/person2_bacteria_3.jpeg,1,person2
train/PNEUMONIA/person2_bacteria_4.jpeg,1,person2
train/PNEUMONIA/person300_bacteria_1421.jpeg,1,person300
train/PNEUMONIA/person300_bacteria_1422.jpeg,1,person300
train/PNEUMONIA/person300_bacteria_1423.jpeg,1,person300
train/PNEUMONIA/person300_virus_621.jpeg,1,person300
train/PNEUMONIA/person301_bacteria_1424.jpeg,1,person301
train/PNEUMONIA/person301_bacteria_1427.jpeg,1,person301
train/PNEUMONIA/person301_bacteria_1428.jpeg,1,person301
train/PNEUMONIA/person301_bacteria_1429.jpeg,1,person301
train/PNEUMONIA/person301_virus_622.jpeg,1,person301
train/PNEUMONIA/person302_bacteria_1430.jpeg,1,person302
train/PNEUMONIA/person302_virus_623.jpeg,1,person302
train/PNEUMONIA/person303_bacteria_1431.jpeg,1,person303
train/PNEUMONIA/person303_virus_624.jpeg,1,person303
train/PNEUMONIA/person305_bacteria_1435.jpeg,1,person305
train/PNEUMONIA/person305_bacteria_1436.jpeg,1,person305
train/PNEUMONIA/person305_bacteria_1437.jpeg,1,person305
train/PNEUMONIA/person305_virus_627.jpeg,1,person305
train/PNEUMONIA/person306_bacteria_1439.jpeg,1,person306
train/PNEUMONIA/person306_bacteria_1440.jpeg,1,person306
train/PNEUMONIA/person306_virus_628.jpeg,1,person306
train/PNEUMONIA/person307_bacteria_1441.jpeg,1,person307
train/PNEUMONIA/person307_bacteria_1442.jpeg,1,person307
train/PNEUMONIA/person307_virus_629.jpeg,1,person307
train/PNEUMONIA/person308_bacteria_1443.jpeg,1,person308
train/PNEUMONIA/person308_bacteria_1445.jpeg,1,person308
train/PNEUMONIA/person308_virus_630.jpeg,1,person308
train/PNEUMONIA/person309_bacteria_1447.jpeg,1,person309
train/PNEUMONIA/person309_bacteria_1449.jpeg,1,person309
train/PNEUMONIA/person309_virus_631.jpeg,1,person309
train/PNEUMONIA/person309_virus_632.jpeg,1,person309
train/PNEUMONIA/person30_bacteria_145.jpeg,1,person30
train/PNEUMONIA/person30_bacteria_146.jpeg,1,person30
train/PNEUMONIA/person30_bacteria_147.jpeg,1,person30
train/PNEUMONIA/person30_bacteria_148.jpeg,1,person30
train/PNEUMONIA/person30_bacteria_149.jpeg,1,person30
train/PNEUMONIA/person30_bacteria_150.jpeg,1,person30
train/PNEUMONIA/person30_bacteria_151.jpeg,1,person30
train/PNEUMONIA/person30_bacteria_152.jpeg,1,person30
train/PNEUMONIA/person30_bacteria_153.jpeg,1,person30
train/PNEUMONIA/person30_bacteria_154.jpeg,1,person30
train/PNEUMONIA/person30_bacteria_155.jpeg,1,person30
train/PNEUMONIA/person30_bacteria_156.jpeg,1,person30
train/PNEUMONIA/person30_bacteria_158.jpeg,1,person30
train/PNEUMONIA/person310_bacteria_1450.jpeg,1,person310
train/PNEUMONIA/person310_bacteria_1451.jpeg,1,person310
train/PNEUMONIA/person310_virus_633.jpeg,1,person310
train/PNEUMONIA/person311_bacteria_1452.jpeg,1,person311
train/PNEUMONIA/person311_bacteria_1453.jpeg,1,person311
train/PNEUMONIA/person311_virus_634.jpeg,1,person311
train/PNEUMONIA/person312_bacteria_1454.jpeg,1,person312
train/PNEUMONIA/person312_bacteria_1455.jpeg,1,person312
train/PNEUMONIA/person312_bacteria_1456.jpeg,1,person312
train/PNEUMONIA/person312_virus_635.jpeg,1,person312
train/PNEUMONIA/person313_bacteria_1457.jpeg,1,person313
train/PNEUMONIA/person313_bacteria_1458.jpeg,1,person313
train/PNEUMONIA/person313_bacteria_1459.jpeg,1,person313
train/PNEUMONIA/person313_bacteria_1460.jpeg,1,person313
train/PNEUMONIA/person313_virus_637.jpeg,1,person313
train/PNEUMONIA/person314_bacteria_1461.jpeg,1,person314
train/PNEUMONIA/person314_bacteria_1462.jpeg,1,person314
train/PNEUMONIA/person314_virus_639.jpeg,1,person314
train/PNEUMONIA/person315_bacteria_1464.jpeg,1,person315
train/PNEUMONIA/person315_bacteria_1465.jpeg,1,person315
train/PNEUMONIA/person315_bacteria_1466.jpeg,1,person315
train/PNEUMONIA/person315_bacteria_1467.jpeg,1,person315
train/PNEUMONIA/person315_bacteria_1468.jpeg,1,person315
train/PNEUMONIA/person316_bacteria_1469.jpeg,1,person316
train/PNEUMONIA/person316_bacteria_1470.jpeg,1,person316
train/PNEUMONIA/person316_virus_641.jpeg,1,person316
train/PNEUMONIA/person318_bacteria_1474.jpeg,1,person318
train/PNEUMONIA/person318_virus_644.jpeg,1,person318
train/PNEUMONIA/person319_bacteria_1475.jpeg,1,person319
train/PNEUMONIA/person319_bacteria_1476.jpeg,1,person319
train/PNEUMONIA/person319_bacteria_1477.jpeg,1,person319
train/PNEUMONIA/person319_bacteria_1478.jpeg,1,person319
train/PNEUMONIA/person319_bacteria_1479.jpeg,1,person319
train/PNEUMONIA/person319_bacteria_1480.jpeg,1,person319
train/PNEUMONIA/person319_virus_645.jpeg,1,person319
train/PNEUMONIA/person319_virus_646.jpeg,1,person319
train/PNEUMONIA/person31_bacteria_160.jpeg,1,person31
train/PNEUMONIA/person31_bacteria_161.jpeg,1,person31
train/PNEUMONIA/person31_bacteria_162.jpeg,1,person31
train/PNEUMONIA/person31_bacteria_163.jpeg,1,person31
train/PNEUMONIA/person31_bacteria_164.jpeg,1,person31
train/PNEUMONIA/person320_virus_647.jpeg,1,person320
train/PNEUMONIA/person321_bacteria_1483.jpeg,1,person321
train/PNEUMONIA/person321_bacteria_1484.jpeg,1,person321
train/PNEUMONIA/person321_bacteria_1485.jpeg,1,person321
train/PNEUMONIA/person321_bacteria_1486.jpeg,1,person321
train/PNEUMONIA/person321_bacteria_1487.jpeg,1,person321
train/PNEUMONIA/person321_bacteria_1488.jpeg,1,person321
train/PNEUMONIA/person321_bacteria_1489.jpeg,1,person321
train/PNEUMONIA/person321_virus_648.jpeg,1,person321
train/PNEUMONIA/person322_bacteria_1494.jpeg,1,person322
train/PNEUMONIA/person322_virus_655.jpeg,1,person322
train/PNEUMONIA/person323_virus_656.jpeg,1,person323
train/PNEUMONIA/person324_virus_658.jpeg,1,person324
train/PNEUMONIA/person325_bacteria_1497.jpeg,1,person325
train/PNEUMONIA/person325_bacteria_1498.jpeg,1,person325
train/PNEUMONIA/person325_bacteria_1500.jpeg,1,person325
train/PNEUMONIA/person325_bacteria_1501.jpeg,1,person325
train/PNEUMONIA/person325_bacteria_1502.jpeg,1,person325
train/PNEUMONIA/person325_virus_659.jpeg,1,person325
train/PNEUMONIA/person325_virus_660.jpeg,1,person325
train/PNEUMONIA/person325_virus_661.jpeg,1,person325
train/PNEUMONIA/person325_virus_664.jpeg,1,person325
train/PNEUMONIA/person325_virus_665.jpeg,1,person325
train/PNEUMONIA/person326_bacteria_1503.jpeg,1,person326
train/PNEUMONIA/person326_bacteria_1504.jpeg,1,person326
train/PNEUMONIA/person326_bacteria_1505.jpeg,1,person326
train/PNEUMONIA/person326_bacteria_1506.jpeg,1,person326
train/PNEUMONIA/person326_bacteria_1507.jpeg,1,person326
train/PNEUMONIA/person326_virus_666.jpeg,1,person326
train/PNEUMONIA/person326_virus_668.jpeg,1,person326
train/PNEUMONIA/person326_virus_670.jpeg,1,person326
train/PNEUMONIA/person326_virus_672.jpeg,1,person326
train/PNEUMONIA/person326_virus_673.jpeg,1,person326
train/PNEUMONIA/person326_virus_675.jpeg,1,person326
train/PNEUMONIA/person326_virus_677.jpeg,1,person326
train/PNEUMONIA/person327_bacteria_1508.jpeg,1,person327
train/PNEUMONIA/person327_bacteria_1509.jpeg,1,person327
train/PNEUMONIA/person327_virus_679.jpeg,1,person327
train/PNEUMONIA/person328_bacteria_1510.jpeg,1,person328
train/PNEUMONIA/person328_bacteria_1511.jpeg,1,person328
train/PNEUMONIA/person328_bacteria_1512.jpeg,1,person328
train/PNEUMONIA/person328_bacteria_1513.jpeg,1,person328
train/PNEUMONIA/person328_bacteria_1514.jpeg,1,person328
train/PNEUMONIA/person328_bacteria_1515.jpeg,1,person328
train/PNEUMONIA/person328_virus_681.jpeg,1,person328
train/PNEUMONIA/person329_virus_682.jpeg,1,person329
train/PNEUMONIA/person32_bacteria_165.jpeg,1,person32
train/PNEUMONIA/person32_bacteria_166.jpeg,1,person32
train/PNEUMONIA/person331_bacteria_1526.jpeg,1,person331
train/PNEUMONIA/person331_bacteria_1527.jpeg,1,person331
train/PNEUMONIA/person331_bacteria_1528.jpeg,1,person331
train/PNEUMONIA/person331_bacteria_1529.jpeg,1,person331
train/PNEUMONIA/person331_bacteria_1530.jpeg,1,person331
train/PNEUMONIA/person331_virus_684.jpeg,1,person331
train/PNEUMONIA/person332_bacteria_1531.jpeg,1,person332
train/PNEUMONIA/person332_bacteria_1533.jpeg,1,person332
train/PNEUMONIA/person332_bacteria_1534.jpeg,1,person332
train/PNEUMONIA/person332_bacteria_1535.jpeg,1,person332
train/PNEUMONIA/person332_bacteria_1536.jpeg,1,person332
train/PNEUMONIA/person332_bacteria_1537.jpeg,1,person332
train/PNEUMONIA/person332_bacteria_1538.jpeg,1,person332
train/PNEUMONIA/person332_virus_685.jpeg,1,person332
train/PNEUMONIA/person333_bacteria_1539.jpeg,1,person333
train/PNEUMONIA/person333_bacteria_1540.jpeg,1,person333
train/PNEUMONIA/person333_virus_688.jpeg,1,person333
train/PNEUMONIA/person334_bacteria_1541.jpeg,1,person334
train/PNEUMONIA/person334_bacteria_1542.jpeg,1,person334
train/PNEUMONIA/person334_bacteria_1544.jpeg,1,person334
train/PNEUMONIA/person334_bacteria_1545.jpeg,1,person334
train/PNEUMONIA/person334_virus_689.jpeg,1,person334
train/PNEUMONIA/person335_virus_690.jpeg,1,person335
train/PNEUMONIA/person336_bacteria_1548.jpeg,1,person336
train/PNEUMONIA/person336_bacteria_1549.jpeg,1,person336
train/PNEUMONIA/person336_bacteria_1550.jpeg,1,person336
train/PNEUMONIA/person336_bacteria_1551.jpeg,1,person336
train/PNEUMONIA/person336_bacteria_1552.jpeg,1,person336
train/PNEUMONIA/person336_bacteria_1553.jpeg,1,person336
train/PNEUMONIA/person338_bacteria_1567.jpeg,1,person338
train/PNEUMONIA/person338_bacteria_1568.jpeg,1,person338
train/PNEUMONIA/person338_virus_694.jpeg,1,person338
train/PNEUMONIA/person33_bacteria_169.jpeg,1,person33
train/PNEUMONIA/person33_bacteria_172.jpeg,1,person33
train/PNEUMONIA/person33_bacteria_173.jpeg,1,person33
train/PNEUMONIA/person33_bacteria_174.jpeg,1,person33
train/PNEUMONIA/person33_bacteria_175.jpeg,1,person33
train/PNEUMONIA/person341_bacteria_1577.jpeg,1,person341
train/PNEUMONIA/person341_virus_699.jpeg,1,person341
train/PNEUMONIA/person342_virus_701.jpeg,1,person342
train/PNEUMONIA/person342_virus_702.jpeg,1,person342
train/PNEUMONIA/person343_bacteria_1583.jpeg,1,person343
train/PNEUMONIA/person343_bacteria_1584.jpeg,1,person343
train/PNEUMONIA/person343_virus_704.jpeg,1,person343
train/PNEUMONIA/person344_bacteria_1585.jpeg,1,person344
train/PNEUMONIA/person344_virus_705.jpeg,1,person344
train/PNEUMONIA/person347_bacteria_1594.jpeg,1,person347
train/PNEUMONIA/person347_bacteria_1595.jpeg,1,person347
train/PNEUMONIA/person347_bacteria_1597.jpeg,1,person347
train/PNEUMONIA/person347_bacteria_1599.jpeg,1,person347
train/PNEUMONIA/person348_bacteria_1601.jpeg,1,person348
train/PNEUMONIA/person348_bacteria_1602.jpeg,1,person348
train/PNEUMONIA/person348_bacteria_1603.jpeg,1,person348
train/PNEUMONIA/person348_bacteria_1604.jpeg,1,person348
train/PNEUMONIA/person348_virus_711.jpeg,1,person348
train/PNEUMONIA/person348_virus_714.jpeg,1,person348
train/PNEUMONIA/person348_virus_715.jpeg,1,person348
train/PNEUMONIA/person348_virus_716.jpeg,1,person348
train/PNEUMONIA/person348_virus_717.jpeg,1,person348
train/PNEUMONIA/person348_virus_719.jpeg,1,person348
train/PNEUMONIA/person348_virus_720.jpeg,1,person348
train/PNEUMONIA/person348_virus_721.jpeg,1,person348
train/PNEUMONIA/person348_virus_723.jpeg,1,person348
train/PNEUMONIA/person349_bacteria_1605.jpeg,1,person349
train/PNEUMONIA/person349_bacteria_1606.jpeg,1,person349
train/PNEUMONIA/person349_bacteria_1607.jpeg,1,person349
train/PNEUMONIA/person349_virus_724.jpeg,1,person349
train/PNEUMONIA/person34_bacteria_176.jpeg,1,person34
train/PNEUMONIA/person350_virus_725.jpeg,1,person350
train/PNEUMONIA/person351_bacteria_1617.jpeg,1,person351
train/PNEUMONIA/person351_bacteria_1619.jpeg,1,person351
train/PNEUMONIA/person351_bacteria_1620.jpeg,1,person351
train/PNEUMONIA/person351_bacteria_1621.jpeg,1,person351
train/PNEUMONIA/person351_bacteria_1622.jpeg,1,person351
train/PNEUMONIA/person351_bacteria_1623.jpeg,1,person351
train/PNEUMONIA/person351_bacteria_1624.jpeg,1,person351
train/PNEUMONIA/person351_virus_726.jpeg,1,person351
train/PNEUMONIA/person352_bacteria_1625.jpeg,1,person352
train/PNEUMONIA/person353_bacteria_1626.jpeg,1,person353
train/PNEUMONIA/person353_bacteria_1628.jpeg,1,person353
train/PNEUMONIA/person353_virus_728.jpeg,1,person353
train/PNEUMONIA/person354_bacteria_1632.jpeg,1,person354
train/PNEUMONIA/person354_bacteria_1633.jpeg,1,person354
train/PNEUMONIA/person354_bacteria_1634.jpeg,1,person354
train/PNEUMONIA/person354_bacteria_1635.jpeg,1,person354
train/PNEUMONIA/person354_virus_729.jpeg,1,person354
train/PNEUMONIA/person355_bacteria_1637.jpeg,1,person355
train/PNEUMONIA/person355_virus_730.jpeg,1,person355
train/PNEUMONIA/person355_virus_731.jpeg,1,person355
train/PNEUMONIA/person356_bacteria_1638.jpeg,1,person356
train/PNEUMONIA/person356_virus_733.jpeg,1,person356
train/PNEUMONIA/person358_virus_737.jpeg,1,person358
train/PNEUMONIA/person35_bacteria_178.jpeg,1,person35
train/PNEUMONIA/person35_bacteria_180.jpeg,1,person35
train/PNEUMONIA/person35_bacteria_181.jpeg,1,person35
train/PNEUMONIA/person360_bacteria_1647.jpeg,1,person360
train/PNEUMONIA/person360_virus_739.jpeg,1,person360
train/PNEUMONIA/person362_bacteria_1652.jpeg,1,person362
train/PNEUMONIA/person362_virus_741.jpeg,1,person362
train/PNEUMONIA/person363_bacteria_1653.jpeg,1,person363
train/PNEUMONIA/person363_bacteria_1654.jpeg,1,person363
train/PNEUMONIA/person363_bacteria_1655.jpeg,1,person363
train/PNEUMONIA/person363_virus_742.jpeg,1,person363
train/PNEUMONIA/person364_bacteria_1656.jpeg,1,person364
train/PNEUMONIA/person364_bacteria_1657.jpeg,1,person364
train/PNEUMONIA/person364_bacteria_1658.jpeg,1,person364
train/PNEUMONIA/person364_bacteria_1659.jpeg,1,person364
train/PNEUMONIA/person364_bacteria_1660.jpeg,1,person364
train/PNEUMONIA/person364_virus_743.jpeg,1,person364
train/PNEUMONIA/person365_virus_745.jpeg,1,person365
train/PNEUMONIA/person367_bacteria_1665.jpeg,1,person367
train/PNEUMONIA/person367_virus_747.jpeg,1,person367
train/PNEUMONIA/person368_bacteria_1666.jpeg,1,person368
train/PNEUMONIA/person368_bacteria_1667.jpeg,1,person368
train/PNEUMONIA/person368_bacteria_1668.jpeg,1,person368
train/PNEUMONIA/person368_bacteria_1672.jpeg,1,person368
train/PNEUMONIA/person368_bacteria_1678.jpeg,1,person368
train/PNEUMONIA/person368_virus_748.jpeg,1,person368
train/PNEUMONIA/person369_bacteria_1680.jpeg,1,person369
train/PNEUMONIA/person369_virus_750.jpeg,1,person369
train/PNEUMONIA/person36_bacteria_182.jpeg,1,person36
train/PNEUMONIA/person36_bacteria_183.jpeg,1,person36
train/PNEUMONIA/person36_bacteria_184.jpeg,1,person36
train/PNEUMONIA/person36_bacteria_185.jpeg,1,person36
train/PNEUMONIA/person371_bacteria_1694.jpeg,1,person371
train/PNEUMONIA/person371_bacteria_1695.jpeg,1,person371
train/PNEUMONIA/person371_bacteria_1696.jpeg,1,person371
train/PNEUMONIA/person371_bacteria_1698.jpeg,1,person371
train/PNEUMONIA/person371_bacteria_1699.jpeg,1,person371
train/PNEUMONIA/person371_bacteria_1700.jpeg,1,person371
train/PNEUMONIA/person371_bacteria_1701.jpeg,1,person371
train/PNEUMONIA/person371_bacteria_1702.jpeg,1,person371
train/PNEUMONIA/person371_bacteria_1703.jpeg,1,person371
train/PNEUMONIA/person371_virus_754.jpeg,1,person371
train/PNEUMONIA/person372_bacteria_1704.jpeg,1,person372
train/PNEUMONIA/person372_bacteria_1705.jpeg,1,person372
train/PNEUMONIA/person372_bacteria_1706.jpeg,1,person372
train/PNEUMONIA/person372_virus_755.jpeg,1,person372
train/PNEUMONIA/person373_bacteria_1707.jpeg,1,person373
train/PNEUMONIA/person373_bacteria_1708.jpeg,1,person373
train/PNEUMONIA/person373_bacteria_1709.jpeg,1,person373
train/PNEUMONIA/person373_virus_756.jpeg,1,person373
train/PNEUMONIA/person374_bacteria_1710.jpeg,1,person374
train/PNEUMONIA/person374_bacteria_1711.jpeg,1,person374
train/PNEUMONIA/person374_bacteria_1712.jpeg,1,person374
train/PNEUMONIA/person374_virus_757.jpeg,1,person374
train/PNEUMONIA/person375_bacteria_1713.jpeg,1,person375
train/PNEUMONIA/person375_virus_758.jpeg,1,person375
train/PNEUMONIA/person376_bacteria_1715.jpeg,1,person376
train/PNEUMONIA/person376_bacteria_1716.jpeg,1,person376
train/PNEUMONIA/person376_virus_759.jpeg,1,person376
train/PNEUMONIA/person377_bacteria_1717.jpeg,1,person377
train/PNEUMONIA/person377_bacteria_1718.jpeg,1,person377
train/PNEUMONIA/person377_virus_760.jpeg,1,person377
train/PNEUMONIA/person378_virus_761.jpeg,1,person378
train/PNEUMONIA/person379_bacteria_1721.jpeg,1,person379
train/PNEUMONIA/person379_bacteria_1722.jpeg,1,person379
train/PNEUMONIA/person379_virus_762.jpeg,1,person379
train/PNEUMONIA/person37_bacteria_186.jpeg,1,person37
train/PNEUMONIA/person37_bacteria_187.jpeg,1,person37
train/PNEUMONIA/person37_bacteria_188.jpeg,1,person37
train/PNEUMONIA/person37_bacteria_189.jpeg,1,person37
train/PNEUMONIA/person380_virus_763.jpeg,1,person380
train/PNEUMONIA/person381_bacteria_1730.jpeg,1,person381
train/PNEUMONIA/person381_bacteria_1731.jpeg,1,person381
train/PNEUMONIA/person382_bacteria_1737.jpeg,1,person382
train/PNEUMONIA/person382_bacteria_1738.jpeg,1,person382
train/PNEUMONIA/person382_bacteria_1739.jpeg,1,person382
train/PNEUMONIA/person382_bacteria_1740.jpeg,1,person382
train/PNEUMONIA/person382_bacteria_1741.jpeg,1,person382
train/PNEUMONIA/person382_bacteria_1742.jpeg,1,person382
train/PNEUMONIA/person382_bacteria_1745.jpeg,1,person382
train/PNEUMONIA/person382_bacteria_1746.jpeg,1,person382
train/PNEUMONIA/person383_bacteria_1747.jpeg,1,person383
train/PNEUMONIA/person383_bacteria_1748.jpeg,1,person383
train/PNEUMONIA/person383_bacteria_1749.jpeg,1,person383
train/PNEUMONIA/person383_bacteria_1750.jpeg,1,person383
train/PNEUMONIA/person383_bacteria_1751.jpeg,1,person383
train/PNEUMONIA/person383_bacteria_1752.jpeg,1,person383
train/PNEUMONIA/person383_bacteria_1753.jpeg,1,person383
train/PNEUMONIA/person383_bacteria_1754.jpeg,1,person383
train/PNEUMONIA/person383_virus_767.jpeg,1,person383
train/PNEUMONIA/person384_bacteria_1755.jpeg,1,person384
train/PNEUMONIA/person384_virus_769.jpeg,1,person384
train/PNEUMONIA/person385_bacteria_1765.jpeg,1,person385
train/PNEUMONIA/person385_bacteria_1766.jpeg,1,person385
train/PNEUMONIA/person385_virus_770.jpeg,1,person385
train/PNEUMONIA/person386_virus_771.jpeg,1,person386
train/PNEUMONIA/person388_virus_775.jpeg,1,person388
train/PNEUMONIA/person388_virus_777.jpeg,1,person388
train/PNEUMONIA/person38_bacteria_190.jpeg,1,person38
train/PNEUMONIA/person38_bacteria_191.jpeg,1,person38
train/PNEUMONIA/person38_bacteria_192.jpeg,1,person38
train/PNEUMONIA/person38_bacteria_193.jpeg,1,person38
train/PNEUMONIA/person38_bacteria_194.jpeg,1,person38
train/PNEUMONIA/person38_bacteria_195.jpeg,1,person38
train/PNEUMONIA/person38_bacteria_196.jpeg,1,person38
train/PNEUMONIA/person390_bacteria_1781.jpeg,1,person390
train/PNEUMONIA/person391_bacteria_1782.jpeg,1,person391
train/PNEUMONIA/person391_virus_781.jpeg,1,person391
train/PNEUMONIA/person392_bacteria_1783.jpeg,1,person392
train/PNEUMONIA/person392_bacteria_1784.jpeg,1,person392
train/PNEUMONIA/person392_bacteria_1785.jpeg,1,person392
train/PNEUMONIA/person392_bacteria_1786.jpeg,1,person392
train/PNEUMONIA/person392_bacteria_1787.jpeg,1,person392
train/PNEUMONIA/person392_virus_782.jpeg,1,person392
train/PNEUMONIA/person393_bacteria_1789.jpeg,1,person393
train/PNEUMONIA/person393_virus_784.jpeg,1,person393
train/PNEUMONIA/person394_bacteria_1791.jpeg,1,person394
train/PNEUMONIA/person394_bacteria_1792.jpeg,1,person394
train/PNEUMONIA/person394_virus_786.jpeg,1,person394
train/PNEUMONIA/person395_bacteria_1794.jpeg,1,person395
train/PNEUMONIA/person395_bacteria_1795.jpeg,1,person395
train/PNEUMONIA/person395_virus_788.jpeg,1,person395
train/PNEUMONIA/person396_bacteria_1796.jpeg,1,person396
train/PNEUMONIA/person396_virus_789.jpeg,1,person396
train/PNEUMONIA/person398_bacteria_1799.jpeg,1,person398
train/PNEUMONIA/person398_bacteria_1801.jpeg,1,person398
train/PNEUMONIA/person399_bacteria_1804.jpeg,1,person399
train/PNEUMONIA/person399_bacteria_1805.jpeg,1,person399
train/PNEUMONIA/person399_bacteria_1806.jpeg,1,person399
train/PNEUMONIA/person399_virus_793.jpeg,1,person399
train/PNEUMONIA/person39_bacteria_198.jpeg,1,person39
train/PNEUMONIA/person39_bacteria_200.jpeg,1,person39
train/PNEUMONIA/person3_bacteria_10.jpeg,1,person3
train/PNEUMONIA/person3_bacteria_11.jpeg,1,person3
train/PNEUMONIA/person3_bacteria_12.jpeg,1,person3
train/PNEUMONIA/person3_bacteria_13.jpeg,1,person3
train/PNEUMONIA/person400_bacteria_1807.jpeg,1,person400
train/PNEUMONIA/person400_virus_794.jpeg,1,person400
train/PNEUMONIA/person401_bacteria_1808.jpeg,1,person401
train/PNEUMONIA/person401_virus_795.jpeg,1,person401
train/PNEUMONIA/person401_virus_797.jpeg,1,person401
train/PNEUMONIA/person402_bacteria_1809.jpeg,1,person402
train/PNEUMONIA/person402_bacteria_1810.jpeg,1,person402
train/PNEUMONIA/person402_bacteria_1811.jpeg,1,person402
train/PNEUMONIA/person402_bacteria_1812.jpeg,1,person402
train/PNEUMONIA/person402_bacteria_1813.jpeg,1,person402
train/PNEUMONIA/person402_virus_799.jpeg,1,person402
train/PNEUMONIA/person402_virus_801.jpeg,1,person402
train/PNEUMONIA/person403_bacteria_1814.jpeg,1,person403
train/PNEUMONIA/person403_virus_803.jpeg,1,person403
train/PNEUMONIA/person405_bacteria_1817.jpeg,1,person405
train/PNEUMONIA/person405_virus_805.jpeg,1,person405
train/PNEUMONIA/person406_bacteria_1818.jpeg,1,person406
train/PNEUMONIA/person406_bacteria_1819.jpeg,1,person406
train/PNEUMONIA/person406_bacteria_1820.jpeg,1,person406
train/PNEUMONIA/person408_bacteria_1823.jpeg,1,person408
train/PNEUMONIA/person408_virus_815.jpeg,1,person408
train/PNEUMONIA/person409_bacteria_1824.jpeg,1,person409
train/PNEUMONIA/person409_virus_816.jpeg,1,person409
train/PNEUMONIA/person409_virus_818.jpeg,1,person409
train/PNEUMONIA/person409_virus_820.jpeg,1,person409
train/PNEUMONIA/person40_bacteria_202.jpeg,1,person40
train/PNEUMONIA/person40_bacteria_203.jpeg,1,person40
train/PNEUMONIA/person40_bacteria_204.jpeg,1,person40
train/PNEUMONIA/person40_bacteria_205.jpeg,1,person40
train/PNEUMONIA/person410_bacteria_1825.jpeg,1,person410
train/PNEUMONIA/person410_virus_821.jpeg,1,person410
train/PNEUMONIA/person411_bacteria_1826.jpeg,1,person411
train/PNEUMONIA/person412_bacteria_1827.jpeg,1,person412
train/PNEUMONIA/person413_bacteria_1828.jpeg,1,person413
train/PNEUMONIA/person413_bacteria_1829.jpeg,1,person413
train/PNEUMONIA/person413_bacteria_1830.jpeg,1,person413
train/PNEUMONIA/person413_bacteria_1831.jpeg,1,person413
train/PNEUMONIA/person413_bacteria_1832.jpeg,1,person413
train/PNEUMONIA/person413_bacteria_1833.jpeg,1,person413
train/PNEUMONIA/person413_bacteria_1834.jpeg,1,person413
train/PNEUMONIA/person413_virus_844.jpeg,1,person413
train/PNEUMONIA/person414_bacteria_1835.jpeg,1,person414
train/PNEUMONIA/person414_virus_845.jpeg,1,person414
train/PNEUMONIA/person415_bacteria_1837.jpeg,1,person415
train/PNEUMONIA/person415_bacteria_1838.jpeg,1,person415
train/PNEUMONIA/person415_bacteria_1839.jpeg,1,person415
train/PNEUMONIA/person415_virus_847.jpeg,1,person415
train/PNEUMONIA/person416_bacteria_1840.jpeg,1,person416
train/PNEUMONIA/person416_virus_849.jpeg,1,person416
train/PNEUMONIA/person417_bacteria_1841.jpeg,1,person417
train/PNEUMONIA/person417_bacteria_1842.jpeg,1,person417
train/PNEUMONIA/person417_virus_850.jpeg,1,person417
train/PNEUMONIA/person418_bacteria_1843.jpeg,1,person418
train/PNEUMONIA/person418_virus_852.jpeg,1,person418
train/PNEUMONIA/person419_bacteria_1844.jpeg,1,person419
train/PNEUMONIA/person419_bacteria_1845.jpeg,1,person419
train/PNEUMONIA/person419_virus_855.jpeg,1,person419
train/PNEUMONIA/person419_virus_857.jpeg,1,person419
train/PNEUMONIA/person419_virus_859.jpeg,1,person419
train/PNEUMONIA/person419_virus_861.jpeg,1,person419
train/PNEUMONIA/person420_bacteria_1847.jpeg,1,person420
train/PNEUMONIA/person420_bacteria_1848.jpeg,1,person420
train/PNEUMONIA/person420_bacteria_1849.jpeg,1,person420
train/PNEUMONIA/person420_bacteria_1850.jpeg,1,person420
train/PNEUMONIA/person420_bacteria_1851.jpeg,1,person420
train/PNEUMONIA/person421_bacteria_1852.jpeg,1,person421
train/PNEUMONIA/person421_virus_866.jpeg,1,person421
train/PNEUMONIA/person422_bacteria_1853.jpeg,1,person422
train/PNEUMONIA/person422_virus_867.jpeg,1,person422
train/PNEUMONIA/person422_virus_868.jpeg,1,person422
train/PNEUMONIA/person423_bacteria_1854.jpeg,1,person423
train/PNEUMONIA/person423_bacteria_1855.jpeg,1,person423
train/PNEUMONIA/person423_bacteria_1856.jpeg,1,person423
train/PNEUMONIA/person423_bacteria_1857.jpeg,1,person423
train/PNEUMONIA/person423_bacteria_1858.jpeg,1,person423
train/PNEUMONIA/person423_virus_869.jpeg,1,person423
train/PNEUMONIA/person424_bacteria_1859.jpeg,1,person424
train/PNEUMONIA/person425_bacteria_1860.jpeg,1,person425
train/PNEUMONIA/person425_virus_871.jpeg,1,person425
train/PNEUMONIA/person426_bacteria_1861.jpeg,1,person426
train/PNEUMONIA/person426_bacteria_1862.jpeg,1,person426
train/PNEUMONIA/person426_bacteria_1863.jpeg,1,person426
train/PNEUMONIA/person426_virus_873.jpeg,1,person426
train/PNEUMONIA/person427_bacteria_1864.jpeg,1,person427
train/PNEUMONIA/person427_bacteria_1865.jpeg,1,person427
train/PNEUMONIA/person427_bacteria_1866.jpeg,1,person427
train/PNEUMONIA/person427_bacteria_1867.jpeg,1,person427
train/PNEUMONIA/person427_bacteria_1868.jpeg,1,person427
train/PNEUMONIA/person427_virus_875.jpeg,1,person427
train/PNEUMONIA/person428_bacteria_1869.jpeg,1,person428
train/PNEUMONIA/person428_virus_876.jpeg,1,person428
train/PNEUMONIA/person429_bacteria_1870.jpeg,1,person429
train/PNEUMONIA/person429_virus_877.jpeg,1,person429
train/PNEUMONIA/person431_bacteria_1872.jpeg,1,person431
train/PNEUMONIA/person431_virus_880.jpeg,1,person431
train/PNEUMONIA/person432_virus_881.jpeg,1,person432
train/PNEUMONIA/person433_bacteria_1874.jpeg,1,person433
train/PNEUMONIA/person433_bacteria_1875.jpeg,1,person433
train/PNEUMONIA/person433_bacteria_1876.jpeg,1,person433
train/PNEUMONIA/person433_virus_882.jpeg,1,person433
train/PNEUMONIA/person434_bacteria_1877.jpeg,1,person434
train/PNEUMONIA/person434_virus_883.jpeg,1,person434
train/PNEUMONIA/person434_virus_884.jpeg,1,person434
train/PNEUMONIA/person435_bacteria_1879.jpeg,1,person435
train/PNEUMONIA/person435_virus_885.jpeg,1,person435
train/PNEUMONIA/person436_bacteria_1883.jpeg,1,person436
train/PNEUMONIA/person436_virus_886.jpeg,1,person436
train/PNEUMONIA/person438_bacteria_1889.jpeg,1,person438
train/PNEUMONIA/person438_bacteria_1890.jpeg,1,person438
train/PNEUMONIA/person438_bacteria_1891.jpeg,1,person438
train/PNEUMONIA/person438_bacteria_1892.jpeg,1,person438
train/PNEUMONIA/person438_bacteria_1893.jpeg,1,person438
train/PNEUMONIA/person438_virus_889.jpeg,1,person438
train/PNEUMONIA/person439_bacteria_1895.jpeg,1,person439
train/PNEUMONIA/person439_virus_890.jpeg,1,person439
train/PNEUMONIA/person439_virus_891.jpeg,1,person439
train/PNEUMONIA/person43_bacteria_213.jpeg,1,person43
train/PNEUMONIA/person43_bacteria_216.jpeg,1,person43
train/PNEUMONIA/person440_bacteria_1897.jpeg,1,person440
train/PNEUMONIA/person440_bacteria_1898.jpeg,1,person440
train/PNEUMONIA/person440_virus_893.jpeg,1,person440
train/PNEUMONIA/person441_bacteria_1900.jpeg,1,person441
train/PNEUMONIA/person441_bacteria_1902.jpeg,1,person441
train/PNEUMONIA/person441_bacteria_1903.jpeg,1,person441
train/PNEUMONIA/person441_bacteria_1904.jpeg,1,person441
train/PNEUMONIA/person441_bacteria_1905.jpeg,1,person441
train/PNEUMONIA/person441_bacteria_1907.jpeg,1,person441
train/PNEUMONIA/person441_bacteria_1910.jpeg,1,person441
train/PNEUMONIA/person441_bacteria_1911.jpeg,1,person441
train/PNEUMONIA/person441_bacteria_1912.jpeg,1,person441
train/PNEUMONIA/person441_bacteria_1914.jpeg,1,person441
train/PNEUMONIA/person441_bacteria_1915.jpeg,1,person441
train/PNEUMONIA/person441_bacteria_1916.jpeg,1,person441
train/PNEUMONIA/person441_bacteria_1917.jpeg,1,person441
train/PNEUMONIA/person441_bacteria_1918.jpeg,1,person441
train/PNEUMONIA/person441_virus_894.jpeg,1,person441
train/PNEUMONIA/person441_virus_895.jpeg,1,person441
train/PNEUMONIA/person441_virus_896.jpeg,1,person441
train/PNEUMONIA/person441_virus_897.jpeg,1,person441
train/PNEUMONIA/person442_virus_898.jpeg,1,person442
train/PNEUMONIA/person442_virus_899.jpeg,1,person442
train/PNEUMONIA/person442_virus_900.jpeg,1,person442
train/PNEUMONIA/person442_virus_901.jpeg,1,person442
train/PNEUMONIA/person442_virus_902.jpeg,1,person442
train/PNEUMONIA/person442_virus_903.jpeg,1,person442
train/PNEUMONIA/person442_virus_904.jpeg,1,person442
train/PNEUMONIA/person442_virus_905.jpeg,1,person442
train/PNEUMONIA/person442_virus_906.jpeg,1,person442
train/PNEUMONIA/person443_bacteria_1923.jpeg,1,person443
train/PNEUMONIA/person443_bacteria_1924.jpeg,1,person443
train/PNEUMONIA/person443_bacteria_1926.jpeg,1,person443
train/PNEUMONIA/person443_virus_908.jpeg,1,person443
train/PNEUMONIA/person444_bacteria_1927.jpeg,1,person444
train/PNEUMONIA/person444_virus_911.jpeg,1,person444
train/PNEUMONIA/person445_bacteria_1928.jpeg,1,person445
train/PNEUMONIA/person445_bacteria_1929.jpeg,1,person445
train/PNEUMONIA/person445_bacteria_1930.jpeg,1,person445
train/PNEUMONIA/person445_virus_912.jpeg,1,person445
train/PNEUMONIA/person445_virus_913.jpeg,1,person445
train/PNEUMONIA/person445_virus_914.jpeg,1,person445
train/PNEUMONIA/person445_virus_915.jpeg,1,person445
train/PNEUMONIA/person445_virus_916.jpeg,1,person445
train/PNEUMONIA/person445_virus_917.jpeg,1,person445
train/PNEUMONIA/person445_virus_918.jpeg,1,person445
train/PNEUMONIA/person445_virus_919.jpeg,1,person445
train/PNEUMONIA/person446_bacteria_1931.jpeg,1,person446
train/PNEUMONIA/person446_virus_920.jpeg,1,person446
train/PNEUMONIA/person448_bacteria_1933.jpeg,1,person448
train/PNEUMONIA/person448_bacteria_1934.jpeg,1,person448
train/PNEUMONIA/person448_bacteria_1935.jpeg,1,person448
train/PNEUMONIA/person448_bacteria_1936.jpeg,1,person448
train/PNEUMONIA/person448_bacteria_1937.jpeg,1,person448
train/PNEUMONIA/person448_virus_922.jpeg,1,person448
train/PNEUMONIA/person449_bacteria_1938.jpeg,1,person449
train/PNEUMONIA/person449_bacteria_1939.jpeg,1,person449
train/PNEUMONIA/person449_bacteria_1940.jpeg,1,person449
train/PNEUMONIA/person44_bacteria_218.jpeg,1,person44
train/PNEUMONIA/person44_bacteria_219.jpeg,1,person44
train/PNEUMONIA/person450_bacteria_1941.jpeg,1,person450
train/PNEUMONIA/person450_virus_931.jpeg,1,person450
train/PNEUMONIA/person451_bacteria_1942.jpeg,1,person451
train/PNEUMONIA/person451_virus_932.jpeg,1,person451
train/PNEUMONIA/person452_bacteria_1943.jpeg,1,person452
train/PNEUMONIA/person453_virus_935.jpeg,1,person453
train/PNEUMONIA/person453_virus_936.jpeg,1,person453
train/PNEUMONIA/person454_bacteria_1945.jpeg,1,person454
train/PNEUMONIA/person454_virus_938.jpeg,1,person454
train/PNEUMONIA/person455_bacteria_1947.jpeg,1,person455
train/PNEUMONIA/person456_bacteria_1948.jpeg,1,person456
train/PNEUMONIA/person456_virus_943.jpeg,1,person456
train/PNEUMONIA/person457_bacteria_1949.jpeg,1,person457
train/PNEUMONIA/person457_virus_944.jpeg,1,person457
train/PNEUMONIA/person458_bacteria_1950.jpeg,1,person458
train/PNEUMONIA/person458_bacteria_1951.jpeg,1,person458
train/PNEUMONIA/person458_bacteria_1952.jpeg,1,person458
train/PNEUMONIA/person458_bacteria_1953.jpeg,1,person458
train/PNEUMONIA/person458_bacteria_1954.jpeg,1,person458
train/PNEUMONIA/person458_bacteria_1955.jpeg,1,person458
train/PNEUMONIA/person458_virus_945.jpeg,1,person458
train/PNEUMONIA/person459_bacteria_1956.jpeg,1,person459
train/PNEUMONIA/person459_bacteria_1957.jpeg,1,person459
train/PNEUMONIA/person459_virus_947.jpeg,1,person459
train/PNEUMONIA/person45_bacteria_220.jpeg,1,person45
train/PNEUMONIA/person45_bacteria_221.jpeg,1,person45
train/PNEUMONIA/person45_bacteria_222.jpeg,1,person45
train/PNEUMONIA/person460_bacteria_1958.jpeg,1,person460
train/PNEUMONIA/person460_virus_948.jpeg,1,person460
train/PNEUMONIA/person461_bacteria_1960.jpeg,1,person461
train/PNEUMONIA/person461_virus_949.jpeg,1,person461
train/PNEUMONIA/person461_virus_950.jpeg,1,person461
train/PNEUMONIA/person462_bacteria_1961.jpeg,1,person462
train/PNEUMONIA/person462_bacteria_1963.jpeg,1,person462
train/PNEUMONIA/person462_bacteria_1967.jpeg,1,person462
train/PNEUMONIA/person462_bacteria_1968.jpeg,1,person462
train/PNEUMONIA/person462_virus_951.jpeg,1,person462
train/PNEUMONIA/person464_bacteria_1974.jpeg,1,person464
train/PNEUMONIA/person464_bacteria_1975.jpeg,1,person464
train/PNEUMONIA/person464_virus_954.jpeg,1,person464
train/PNEUMONIA/person464_virus_956.jpeg,1,person464
train/PNEUMONIA/person465_bacteria_1976.jpeg,1,person465
train/PNEUMONIA/person465_bacteria_1977.jpeg,1,person465
train/PNEUMONIA/person465_bacteria_1979.jpeg,1,person465
train/PNEUMONIA/person465_bacteria_1980.jpeg,1,person465
train/PNEUMONIA/person465_bacteria_1981.jpeg,1,person465
train/PNEUMONIA/person465_bacteria_1982.jpeg,1,person465
train/PNEUMONIA/person465_virus_957.jpeg,1,person465
train/PNEUMONIA/person466_bacteria_1983.jpeg,1,person466
train/PNEUMONIA/person466_bacteria_1984.jpeg,1,person466
train/PNEUMONIA/person466_bacteria_1986.jpeg,1,person466
train/PNEUMONIA/person466_bacteria_1987.jpeg,1,person466
train/PNEUMONIA/person466_virus_960.jpeg,1,person466
train/PNEUMONIA/person467_bacteria_1988.jpeg,1,person467
train/PNEUMONIA/person467_bacteria_1989.jpeg,1,person467
train/PNEUMONIA/person467_virus_961.jpeg,1,person467
train/PNEUMONIA/person468_bacteria_1990.jpeg,1,person468
train/PNEUMONIA/person468_bacteria_1991.jpeg,1,person468
train/PNEUMONIA/person468_virus_963.jpeg,1,person468
train/PNEUMONIA/person46_bacteria_224.jpeg,1,person46
train/PNEUMONIA/person46_bacteria_225.jpeg,1,person46
train/PNEUMONIA/person470_bacteria_1996.jpeg,1,person470
train/PNEUMONIA/person470_bacteria_1998.jpeg,1,person470
train/PNEUMONIA/person470_bacteria_1999.jpeg,1,person470
train/PNEUMONIA/person470_bacteria_2000.jpeg,1,person470
train/PNEUMONIA/person470_bacteria_2001.jpeg,1,person470
train/PNEUMONIA/person470_bacteria_2002.jpeg,1,person470
train/PNEUMONIA/person470_bacteria_2003.jpeg,1,person470
train/PNEUMONIA/person470_virus_966.jpeg,1,person470
train/PNEUMONIA/person471_bacteria_2004.jpeg,1,person471
train/PNEUMONIA/person471_bacteria_2005.jpeg,1,person471
train/PNEUMONIA/person471_bacteria_2006.jpeg,1,person471
train/PNEUMONIA/person471_virus_967.jpeg,1,person471
train/PNEUMONIA/person471_virus_968.jpeg,1,person471
train/PNEUMONIA/person472_bacteria_2007.jpeg,1,person472
train/PNEUMONIA/person472_bacteria_2008.jpeg,1,person472
train/PNEUMONIA/person472_bacteria_2010.jpeg,1,person472
train/PNEUMONIA/person472_bacteria_2014.jpeg,1,person472
train/PNEUMONIA/person472_bacteria_2015.jpeg,1,person472
train/PNEUMONIA/person472_virus_969.jpeg,1,person472
train/PNEUMONIA/person473_bacteria_2018.jpeg,1,person473
train/PNEUMONIA/person474_virus_971.jpeg,1,person474
train/PNEUMONIA/person475_bacteria_2020.jpeg,1,person475
train/PNEUMONIA/person475_bacteria_2021.jpeg,1,person475
train/PNEUMONIA/person475_bacteria_2022.jpeg,1,person475
train/PNEUMONIA/person475_bacteria_2023.jpeg,1,person475
train/PNEUMONIA/person475_bacteria_2024.jpeg,1,person475
train/PNEUMONIA/person475_bacteria_2025.jpeg,1,person475
train/PNEUMONIA/person475_virus_972.jpeg,1,person475
train/PNEUMONIA/person476_bacteria_2026.jpeg,1,person476
train/PNEUMONIA/person476_virus_973.jpeg,1,person476
train/PNEUMONIA/person477_bacteria_2028.jpeg,1,person477
train/PNEUMONIA/person477_bacteria_2029.jpeg,1,person477
train/PNEUMONIA/person477_bacteria_2030.jpeg,1,person477
train/PNEUMONIA/person477_bacteria_2031.jpeg,1,person477
train/PNEUMONIA/person478_bacteria_2032.jpeg,1,person478
train/PNEUMONIA/person478_bacteria_2035.jpeg,1,person478
train/PNEUMONIA/person478_virus_975.jpeg,1,person478
train/PNEUMONIA/person479_virus_978.jpeg,1,person479
train/PNEUMONIA/person47_bacteria_229.jpeg,1,person47
train/PNEUMONIA/person480_bacteria_2038.jpeg,1,person480
train/PNEUMONIA/person480_bacteria_2039.jpeg,1,person480
train/PNEUMONIA/person480_bacteria_2040.jpeg,1,person480
train/PNEUMONIA/person480_virus_981.jpeg,1,person480
train/PNEUMONIA/person480_virus_982.jpeg,1,person480
train/PNEUMONIA/person481_bacteria_2041.jpeg,1,person481
train/PNEUMONIA/person481_bacteria_2042.jpeg,1,person481
train/PNEUMONIA/person481_virus_983.jpeg,1,person481
train/PNEUMONIA/person482_bacteria_2043.jpeg,1,person482
train/PNEUMONIA/person482_bacteria_2044.jpeg,1,person482
train/PNEUMONIA/person482_bacteria_2045.jpeg,1,person482
train/PNEUMONIA/person482_virus_984.jpeg,1,person482
train/PNEUMONIA/person483_bacteria_2046.jpeg,1,person483
train/PNEUMONIA/person483_virus_985.jpeg,1,person483
train/PNEUMONIA/person484_virus_986.jpeg,1,person484
train/PNEUMONIA/person485_bacteria_2049.jpeg,1,person485
train/PNEUMONIA/person485_virus_988.jpeg,1,person485
train/PNEUMONIA/person487_bacteria_2055.jpeg,1,person487
train/PNEUMONIA/person487_bacteria_2056.jpeg,1,person487
train/PNEUMONIA/person487_bacteria_2057.jpeg,1,person487
train/PNEUMONIA/person487_bacteria_2058.jpeg,1,person487
train/PNEUMONIA/person487_bacteria_2059.jpeg,1,person487
train/PNEUMONIA/person487_bacteria_2060.jpeg,1,person487
train/PNEUMONIA/person487_virus_991.jpeg,1,person487
train/PNEUMONIA/person488_bacteria_2061.jpeg,1,person488
train/PNEUMONIA/person488_bacteria_2062.jpeg,1,person488
train/PNEUMONIA/person488_virus_992.jpeg,1,person488
train/PNEUMONIA/person489_bacteria_2063.jpeg,1,person489
train/PNEUMONIA/person489_bacteria_2064.jpeg,1,person489
train/PNEUMONIA/person489_bacteria_2065.jpeg,1,person489
train/PNEUMONIA/person489_bacteria_2066.jpeg,1,person489
train/PNEUMONIA/person489_bacteria_2067.jpeg,1,person489
train/PNEUMONIA/person489_virus_994.jpeg,1,person489
train/PNEUMONIA/person489_virus_995.jpeg,1,person489
train/PNEUMONIA/person48_bacteria_230.jpeg,1,person48
train/PNEUMONIA/person48_bacteria_231.jpeg,1,person48
train/PNEUMONIA/person48_bacteria_232.jpeg,1,person48
train/PNEUMONIA/person48_bacteria_233.jpeg,1,person48
train/PNEUMONIA/person490_bacteria_2068.jpeg,1,person490
train/PNEUMONIA/person490_bacteria_2069.jpeg,1,person490
train/PNEUMONIA/person490_bacteria_2070.jpeg,1,person490
train/PNEUMONIA/person490_virus_996.jpeg,1,person490
train/PNEUMONIA/person491_bacteria_2071.jpeg,1,person491
train/PNEUMONIA/person491_bacteria_2073.jpeg,1,person491
train/PNEUMONIA/person491_bacteria_2075.jpeg,1,person491
train/PNEUMONIA/person491_bacteria_2080.jpeg,1,person491
train/PNEUMONIA/person491_bacteria_2081.jpeg,1,person491
train/PNEUMONIA/person491_bacteria_2082.jpeg,1,person491
train/PNEUMONIA/person491_virus_997.jpeg,1,person491
train/PNEUMONIA/person492_bacteria_2083.jpeg,1,person492
train/PNEUMONIA/person492_bacteria_2084.jpeg,1,person492
train/PNEUMONIA/person492_bacteria_2085.jpeg,1,person492
train/PNEUMONIA/person492_virus_998.jpeg,1,person492
train/PNEUMONIA/person493_bacteria_2086.jpeg,1,person493
train/PNEUMONIA/person493_bacteria_2087.jpeg,1,person493
train/PNEUMONIA/person493_virus_999.jpeg,1,person493
train/PNEUMONIA/person494_bacteria_2088.jpeg,1,person494
train/PNEUMONIA/person494_bacteria_2089.jpeg,1,person494
train/PNEUMONIA/person494_bacteria_2090.jpeg,1,person494
train/PNEUMONIA/person494_virus_1000.jpeg,1,person494
train/PNEUMONIA/person495_bacteria_2094.jpeg,1,person495
train/PNEUMONIA/person495_virus_1001.jpeg,1,person495
train/PNEUMONIA/person499_bacteria_2103.jpeg,1,person499
train/PNEUMONIA/person499_bacteria_2104.jpeg,1,person499
train/PNEUMONIA/person499_virus_1008.jpeg,1,person499
train/PNEUMONIA/person49_bacteria_235.jpeg,1,person49
train/PNEUMONIA/person49_bacteria_236.jpeg,1,person49
train/PNEUMONIA/person49_bacteria_237.jpeg,1,person49
train/PNEUMONIA/person4_bacteria_14.jpeg,1,person4
train/PNEUMONIA/person500_bacteria_2105.jpeg,1,person500
train/PNEUMONIA/person500_bacteria_2106.jpeg,1,person500
train/PNEUMONIA/person500_bacteria_2107.jpeg,1,person500
train/PNEUMONIA/person500_bacteria_2108.jpeg,1,person500
train/PNEUMONIA/person500_bacteria_2109.jpeg,1,person500
train/PNEUMONIA/person500_bacteria_2110.jpeg,1,person500
train/PNEUMONIA/person500_bacteria_2111.jpeg,1,person500
train/PNEUMONIA/person500_virus_1009.jpeg,1,person500
train/PNEUMONIA/person501_bacteria_2112.jpeg,1,person501
train/PNEUMONIA/person501_bacteria_2113.jpeg,1,person501
train/PNEUMONIA/person501_bacteria_2114.jpeg,1,person501
train/PNEUMONIA/person501_bacteria_2115.jpeg,1,person501
train/PNEUMONIA/person501_bacteria_2116.jpeg,1,person501
train/PNEUMONIA/person501_virus_1010.jpeg,1,person501
train/PNEUMONIA/person502_bacteria_2117.jpeg,1,person502
train/PNEUMONIA/person502_bacteria_2118.jpeg,1,person502
train/PNEUMONIA/person502_bacteria_2119.jpeg,1,person502
train/PNEUMONIA/person502_bacteria_2120.jpeg,1,person502
train/PNEUMONIA/person502_bacteria_2121.jpeg,1,person502
train/PNEUMONIA/person502_bacteria_2122.jpeg,1,person502
train/PNEUMONIA/person502_bacteria_2123.jpeg,1,person502
train/PNEUMONIA/person502_virus_1011.jpeg,1,person502
train/PNEUMONIA/person502_virus_1012.jpeg,1,person502
train/PNEUMONIA/person504_bacteria_2127.jpeg,1,person504
train/PNEUMONIA/person504_bacteria_2129.jpeg,1,person504
train/PNEUMONIA/person504_bacteria_2130.jpeg,1,person504
train/PNEUMONIA/person504_bacteria_2132.jpeg,1,person504
train/PNEUMONIA/person504_bacteria_2133.jpeg,1,person504
train/PNEUMONIA/person505_bacteria_2135.jpeg,1,person505
train/PNEUMONIA/person505_virus_1017.jpeg,1,person505
train/PNEUMONIA/person506_bacteria_2136.jpeg,1,person506
train/PNEUMONIA/person506_bacteria_2138.jpeg,1,person506
train/PNEUMONIA/person506_virus_1018.jpeg,1,person506
train/PNEUMONIA/person507_bacteria_2139.jpeg,1,person507
train/PNEUMONIA/person507_bacteria_2140.jpeg,1,person507
train/PNEUMONIA/person507_bacteria_2141.jpeg,1,person507
train/PNEUMONIA/person507_virus_1019.jpeg,1,person507
train/PNEUMONIA/person508_bacteria_2142.jpeg,1,person508
train/PNEUMONIA/person508_bacteria_2143.jpeg,1,person508
train/PNEUMONIA/person508_bacteria_2144.jpeg,1,person508
train/PNEUMONIA/person508_virus_1020.jpeg,1,person508
train/PNEUMONIA/person508_virus_1021.jpeg,1,person508
train/PNEUMONIA/person509_bacteria_2145.jpeg,1,person509
train/PNEUMONIA/person509_bacteria_2146.jpeg,1,person509
train/PNEUMONIA/person509_virus_1024.jpeg,1,person509
train/PNEUMONIA/person509_virus_1025.jpeg,1,person509
train/PNEUMONIA/person50_bacteria_238.jpeg,1,person50
train/PNEUMONIA/person510_bacteria_2147.jpeg,1,person510
train/PNEUMONIA/person510_bacteria_2148.jpeg,1,person510
train/PNEUMONIA/person510_bacteria_2149.jpeg,1,person510
train/PNEUMONIA/person510_bacteria_2150.jpeg,1,person510
train/PNEUMONIA/person510_virus_1026.jpeg,1,person510
train/PNEUMONIA/person512_bacteria_2154.jpeg,1,person512
train/PNEUMONIA/person512_bacteria_2155.jpeg,1,person512
train/PNEUMONIA/person512_virus_1029.jpeg,1,person512
train/PNEUMONIA/person514_bacteria_2184.jpeg,1,person514
train/PNEUMONIA/person514_virus_1031.jpeg,1,person514
train/PNEUMONIA/person515_bacteria_2185.jpeg,1,person515
train/PNEUMONIA/person515_bacteria_2186.jpeg,1,person515
train/PNEUMONIA/person515_bacteria_2187.jpeg,1,person515
train/PNEUMONIA/person515_bacteria_2188.jpeg,1,person515
train/PNEUMONIA/person515_bacteria_2189.jpeg,1,person515
train/PNEUMONIA/person515_bacteria_2190.jpeg,1,person515
train/PNEUMONIA/person515_virus_1032.jpeg,1,person515
train/PNEUMONIA/person516_bacteria_2191.jpeg,1,person516
train/PNEUMONIA/person516_bacteria_2192.jpeg,1,person516
train/PNEUMONIA/person516_virus_1033.jpeg,1,person516
train/PNEUMONIA/person517_bacteria_2196.jpeg,1,person517
train/PNEUMONIA/person517_virus_1034.jpeg,1,person517
train/PNEUMONIA/person517_virus_1035.jpeg,1,person517
train/PNEUMONIA/person518_bacteria_2197.jpeg,1,person518
train/PNEUMONIA/person518_bacteria_2198.jpeg,1,person518
train/PNEUMONIA/person518_bacteria_2199.jpeg,1,person518
train/PNEUMONIA/person518_bacteria_2200.jpeg,1,person518
train/PNEUMONIA/person518_virus_1036.jpeg,1,person518
train/PNEUMONIA/person519_virus_1038.jpeg,1,person519
train/PNEUMONIA/person51_bacteria_239.jpeg,1,person51
train/PNEUMONIA/person51_bacteria_240.jpeg,1,person51
train/PNEUMONIA/person51_bacteria_241.jpeg,1,person51
train/PNEUMONIA/person51_bacteria_242.jpeg,1,person51
train/PNEUMONIA/person51_bacteria_243.jpeg,1,person51
train/PNEUMONIA/person51_bacteria_244.jpeg,1,person51
train/PNEUMONIA/person51_bacteria_245.jpeg,1,person51
train/PNEUMONIA/person51_bacteria_246.jpeg,1,person51
train/PNEUMONIA/person51_bacteria_247.jpeg,1,person51
train/PNEUMONIA/person51_bacteria_248.jpeg,1,person51
train/PNEUMONIA/person520_bacteria_2203.jpeg,1,person520
train/PNEUMONIA/person520_bacteria_2204.jpeg,1,person520
train/PNEUMONIA/person520_bacteria_2205.jpeg,1,person520
train/PNEUMONIA/person520_virus_1039.jpeg,1,person520
train/PNEUMONIA/person521_virus_1040.jpeg,1,person521
train/PNEUMONIA/person522_bacteria_2210.jpeg,1,person522
train/PNEUMONIA/person522_bacteria_2211.jpeg,1,person522
train/PNEUMONIA/person522_virus_1041.jpeg,1,person522
train/PNEUMONIA/person523_virus_1043.jpeg,1,person523
train/PNEUMONIA/person525_bacteria_2216.jpeg,1,person525
train/PNEUMONIA/person525_bacteria_2217.jpeg,1,person525
train/PNEUMONIA/person525_bacteria_2218.jpeg,1,person525
train/PNEUMONIA/person525_bacteria_2220.jpeg,1,person525
train/PNEUMONIA/person525_virus_1046.jpeg,1,person525
train/PNEUMONIA/person526_bacteria_2221.jpeg,1,person526
train/PNEUMONIA/person527_bacteria_2225.jpeg,1,person527
train/PNEUMONIA/person527_bacteria_2226.jpeg,1,person527
train/PNEUMONIA/person527_virus_1048.jpeg,1,person527
train/PNEUMONIA/person528_bacteria_2227.jpeg,1,person528
train/PNEUMONIA/person528_virus_1049.jpeg,1,person528
train/PNEUMONIA/person529_bacteria_2228.jpeg,1,person529
train/PNEUMONIA/person529_bacteria_2229.jpeg,1,person529
train/PNEUMONIA/person529_bacteria_2230.jpeg,1,person529
train/PNEUMONIA/person529_virus_1050.jpeg,1,person529
train/PNEUMONIA/person530_bacteria_2231.jpeg,1,person530
train/PNEUMONIA/person530_bacteria_2233.jpeg,1,person530
train/PNEUMONIA/person530_virus_1052.jpeg,1,person530
train/PNEUMONIA/person531_bacteria_2235.jpeg,1,person531
train/PNEUMONIA/person531_bacteria_2236.jpeg,1,person531
train/PNEUMONIA/person531_bacteria_2237.jpeg,1,person531
train/PNEUMONIA/person531_bacteria_2238.jpeg,1,person531
train/PNEUMONIA/person531_bacteria_2239.jpeg,1,person531
train/PNEUMONIA/person531_bacteria_2240.jpeg,1,person531
train/PNEUMONIA/person531_bacteria_2241.jpeg,1,person531
train/PNEUMONIA/person531_bacteria_2242.jpeg,1,person531
train/PNEUMONIA/person531_virus_1053.jpeg,1,person531
train/PNEUMONIA/person532_virus_1054.jpeg,1,person532
train/PNEUMONIA/person533_bacteria_2245.jpeg,1,person533
train/PNEUMONIA/person533_bacteria_2250.jpeg,1,person533
train/PNEUMONIA/person533_virus_1055.jpeg,1,person533
train/PNEUMONIA/person534_bacteria_2251.jpeg,1,person534
train/PNEUMONIA/person534_bacteria_2252.jpeg,1,person534
train/PNEUMONIA/person534_bacteria_2253.jpeg,1,person534
train/PNEUMONIA/person534_bacteria_2254.jpeg,1,person534
train/PNEUMONIA/person534_virus_1061.jpeg,1,person534
train/PNEUMONIA/person535_bacteria_2255.jpeg,1,person535
train/PNEUMONIA/person535_bacteria_2256.jpeg,1,person535
train/PNEUMONIA/person535_virus_1062.jpeg,1,person535
train/PNEUMONIA/person536_bacteria_2257.jpeg,1,person536
train/PNEUMONIA/person536_bacteria_2258.jpeg,1,person536
train/PNEUMONIA/person536_bacteria_2259.jpeg,1,person536
train/PNEUMONIA/person536_bacteria_2260.jpeg,1,person536
train/PNEUMONIA/person536_virus_1064.jpeg,1,person536
train/PNEUMONIA/person536_virus_1065.jpeg,1,person536
train/PNEUMONIA/person537_bacteria_2261.jpeg,1,person537
train/PNEUMONIA/person537_bacteria_2262.jpeg,1,person537
train/PNEUMONIA/person537_bacteria_2263.jpeg,1,person537
train/PNEUMONIA/person537_bacteria_2264.jpeg,1,person537
train/PNEUMONIA/person537_bacteria_2265.jpeg,1,person537
train/PNEUMONIA/person537_bacteria_2266.jpeg,1,person537
train/PNEUMONIA/person537_virus_1067.jpeg,1,person537
train/PNEUMONIA/person538_bacteria_2268.jpeg,1,person538
train/PNEUMONIA/person538_virus_1068.jpeg,1,person538
train/PNEUMONIA/person539_bacteria_2269.jpeg,1,person539
train/PNEUMONIA/person539_bacteria_2270.jpeg,1,person539
train/PNEUMONIA/person539_virus_1069.jpeg,1,person539
train/PNEUMONIA/person540_bacteria_2271.jpeg,1,person540
train/PNEUMONIA/person540_bacteria_2272.jpeg,1,person540
train/PNEUMONIA/person540_bacteria_2273.jpeg,1,person540
train/PNEUMONIA/person540_virus_1070.jpeg,1,person540
train/PNEUMONIA/person541_bacteria_2274.jpeg,1,person541
train/PNEUMONIA/person541_bacteria_2275.jpeg,1,person541
train/PNEUMONIA/person541_virus_1071.jpeg,1,person541
train/PNEUMONIA/person542_bacteria_2276.jpeg,1,person542
train/PNEUMONIA/person542_virus_1072.jpeg,1,person542
train/PNEUMONIA/person543_bacteria_2279.jpeg,1,person543
train/PNEUMONIA/person543_bacteria_2280.jpeg,1,person543
train/PNEUMONIA/person543_bacteria_2281.jpeg,1,person543
train/PNEUMONIA/person543_bacteria_2282.jpeg,1,person543
train/PNEUMONIA/person543_bacteria_2283.jpeg,1,person543
train/PNEUMONIA/person543_bacteria_2284.jpeg,1,person543
train/PNEUMONIA/person543_virus_1073.jpeg,1,person543
train/PNEUMONIA/person545_bacteria_2287.jpeg,1,person545
train/PNEUMONIA/person545_bacteria_2288.jpeg,1,person545
train/PNEUMONIA/person545_bacteria_2289.jpeg,1,person545
train/PNEUMONIA/person545_bacteria_2290.jpeg,1,person545
train/PNEUMONIA/person545_virus_1081.jpeg,1,person545
train/PNEUMONIA/person546_virus_1085.jpeg,1,person546
train/PNEUMONIA/person548_bacteria_2297.jpeg,1,person548
train/PNEUMONIA/person548_bacteria_2298.jpeg,1,person548
train/PNEUMONIA/person548_bacteria_2299.jpeg,1,person548
train/PNEUMONIA/person548_bacteria_2300.jpeg,1,person548
train/PNEUMONIA/person548_bacteria_2301.jpeg,1,person548
train/PNEUMONIA/person548_bacteria_2302.jpeg,1,person548
train/PNEUMONIA/person548_virus_1088.jpeg,1,person548
train/PNEUMONIA/person549_bacteria_2303.jpeg,1,person549
train/PNEUMONIA/person549_bacteria_2304.jpeg,1,person549
train/PNEUMONIA/person549_bacteria_2305.jpeg,1,person549
train/PNEUMONIA/person549_bacteria_2306.jpeg,1,person549
train/PNEUMONIA/person549_bacteria_2307.jpeg,1,person549
train/PNEUMONIA/person549_virus_1089.jpeg,1,person549
train/PNEUMONIA/person54_bacteria_257.jpeg,1,person54
train/PNEUMONIA/person54_bacteria_258.jpeg,1,person54
train/PNEUMONIA/person551_bacteria_2310.jpeg,1,person551
train/PNEUMONIA/person551_bacteria_2311.jpeg,1,person551
train/PNEUMONIA/person551_virus_1091.jpeg,1,person551
train/PNEUMONIA/person552_bacteria_2313.jpeg,1,person552
train/PNEUMONIA/person552_bacteria_2315.jpeg,1,person552
train/PNEUMONIA/person552_virus_1092.jpeg,1,person552
train/PNEUMONIA/person554_bacteria_2320.jpeg,1,person554
train/PNEUMONIA/person554_bacteria_2321.jpeg,1,person554
train/PNEUMONIA/person554_bacteria_2322.jpeg,1,person554
train/PNEUMONIA/person554_bacteria_2323.jpeg,1,person554
train/PNEUMONIA/person554_virus_1094.jpeg,1,person554
train/PNEUMONIA/person555_bacteria_2325.jpeg,1,person555
train/PNEUMONIA/person556_bacteria_2326.jpeg,1,person556
train/PNEUMONIA/person556_virus_1096.jpeg,1,person556
train/PNEUMONIA/person557_bacteria_2327.jpeg,1,person557
train/PNEUMONIA/person557_virus_1097.jpeg,1,person557
train/PNEUMONIA/person559_bacteria_2329.jpeg,1,person559
train/PNEUMONIA/person559_virus_1099.jpeg,1,person559
train/PNEUMONIA/person55_bacteria_260.jpeg,1,person55
train/PNEUMONIA/person55_bacteria_261.jpeg,1,person55
train/PNEUMONIA/person55_bacteria_262.jpeg,1,person55
train/PNEUMONIA/person55_bacteria_263.jpeg,1,person55
train/PNEUMONIA/person55_bacteria_264.jpeg,1,person55
train/PNEUMONIA/person55_bacteria_265.jpeg,1,person55
train/PNEUMONIA/person55_bacteria_266.jpeg,1,person55
train/PNEUMONIA/person560_bacteria_2330.jpeg,1,person560
train/PNEUMONIA/person561_bacteria_2331.jpeg,1,person561
train/PNEUMONIA/person564_bacteria_2342.jpeg,1,person564
train/PNEUMONIA/person564_bacteria_2343.jpeg,1,person564
train/PNEUMONIA/person564_bacteria_2344.jpeg,1,person564
train/PNEUMONIA/person564_bacteria_2345.jpeg,1,person564
train/PNEUMONIA/person564_bacteria_2346.jpeg,1,person564
train/PNEUMONIA/person564_bacteria_2347.jpeg,1,person564
train/PNEUMONIA/person564_virus_1104.jpeg,1,person564
train/PNEUMONIA/person565_bacteria_2348.jpeg,1,person565
train/PNEUMONIA/person565_virus_1105.jpeg,1,person565
train/PNEUMONIA/person566_bacteria_2351.jpeg,1,person566
train/PNEUMONIA/person566_virus_1106.jpeg,1,person566
train/PNEUMONIA/person567_bacteria_2352.jpeg,1,person567
train/PNEUMONIA/person567_bacteria_2353.jpeg,1,person567
train/PNEUMONIA/person567_bacteria_2354.jpeg,1,person567
train/PNEUMONIA/person567_virus_1107.jpeg,1,person567
train/PNEUMONIA/person568_bacteria_2358.jpeg,1,person568
train/PNEUMONIA/person568_bacteria_2359.jpeg,1,person568
train/PNEUMONIA/person569_bacteria_2360.jpeg,1,person569
train/PNEUMONIA/person569_bacteria_2362.jpeg,1,person569
train/PNEUMONIA/person569_bacteria_2363.jpeg,1,person569
train/PNEUMONIA/person569_bacteria_2364.jpeg,1,person569
train/PNEUMONIA/person569_virus_1110.jpeg,1,person569
train/PNEUMONIA/person56_bacteria_267.jpeg,1,person56
train/PNEUMONIA/person56_bacteria_268.jpeg,1,person56
train/PNEUMONIA/person56_bacteria_269.jpeg,1,person56
train/PNEUMONIA/person570_bacteria_2365.jpeg,1,person570
train/PNEUMONIA/person570_virus_1112.jpeg,1,person570
train/PNEUMONIA/person571_bacteria_2367.jpeg,1,person571
train/PNEUMONIA/person571_virus_1114.jpeg,1,person571
train/PNEUMONIA/person572_bacteria_2368.jpeg,1,person572
train/PNEUMONIA/person573_bacteria_2369.jpeg,1,person573
train/PNEUMONIA/person573_virus_1116.jpeg,1,person573
train/PNEUMONIA/person574_bacteria_2370.jpeg,1,person574
train/PNEUMONIA/person574_bacteria_2371.jpeg,1,person574
train/PNEUMONIA/person574_bacteria_2372.jpeg,1,person574
train/PNEUMONIA/person574_bacteria_2373.jpeg,1,person574
train/PNEUMONIA/person574_virus_1118.jpeg,1,person574
train/PNEUMONIA/person575_bacteria_2374.jpeg,1,person575
train/PNEUMONIA/person575_virus_1119.jpeg,1,person575
train/PNEUMONIA/person576_bacteria_2375.jpeg,1,person576
train/PNEUMONIA/person576_bacteria_2376.jpeg,1,person576
train/PNEUMONIA/person576_virus_1120.jpeg,1,person576
train/PNEUMONIA/person577_bacteria_2378.jpeg,1,person577
train/PNEUMONIA/person577_virus_1121.jpeg,1,person577
train/PNEUMONIA/person578_bacteria_2379.jpeg,1,person578
train/PNEUMONIA/person578_virus_1122.jpeg,1,person578
train/PNEUMONIA/person579_bacteria_2381.jpeg,1,person579
train/PNEUMONIA/person579_bacteria_2382.jpeg,1,person579
train/PNEUMONIA/person579_bacteria_2383.jpeg,1,person579
train/PNEUMONIA/person579_bacteria_2384.jpeg,1,person579
train/PNEUMONIA/person579_bacteria_2386.jpeg,1,person579
train/PNEUMONIA/person579_virus_1123.jpeg,1,person579
train/PNEUMONIA/person57_bacteria_270.jpeg,1,person57
train/PNEUMONIA/person57_bacteria_271.jpeg,1,person57
train/PNEUMONIA/person580_bacteria_2387.jpeg,1,person580
train/PNEUMONIA/person580_bacteria_2388.jpeg,1,person580
train/PNEUMONIA/person580_bacteria_2389.jpeg,1,person580
train/PNEUMONIA/person581_bacteria_2390.jpeg,1,person581
train/PNEUMONIA/person581_bacteria_2392.jpeg,1,person581
train/PNEUMONIA/person581_bacteria_2393.jpeg,1,person581
train/PNEUMONIA/person581_bacteria_2394.jpeg,1,person581
train/PNEUMONIA/person581_bacteria_2395.jpeg,1,person581
train/PNEUMONIA/person581_bacteria_2400.jpeg,1,person581
train/PNEUMONIA/person581_virus_1125.jpeg,1,person581
train/PNEUMONIA/person582_bacteria_2403.jpeg,1,person582
train/PNEUMONIA/person582_bacteria_2404.jpeg,1,person582
train/PNEUMONIA/person582_bacteria_2405.jpeg,1,person582
train/PNEUMONIA/person583_bacteria_2406.jpeg,1,person583
train/PNEUMONIA/person583_bacteria_2408.jpeg,1,person583
train/PNEUMONIA/person583_bacteria_2409.jpeg,1,person583
train/PNEUMONIA/person583_virus_1127.jpeg,1,person583
train/PNEUMONIA/person584_virus_1128.jpeg,1,person584
train/PNEUMONIA/person585_bacteria_2411.jpeg,1,person585
train/PNEUMONIA/person585_bacteria_2412.jpeg,1,person585
train/PNEUMONIA/person585_bacteria_2413.jpeg,1,person585
train/PNEUMONIA/person585_bacteria_2414.jpeg,1,person585
train/PNEUMONIA/person585_bacteria_2415.jpeg,1,person585
train/PNEUMONIA/person585_bacteria_2416.jpeg,1,person585
train/PNEUMONIA/person585_virus_1129.jpeg,1,person585
train/PNEUMONIA/person586_bacteria_2417.jpeg,1,person586
train/PNEUMONIA/person586_bacteria_2418.jpeg,1,person586
train/PNEUMONIA/person586_bacteria_2420.jpeg,1,person586
train/PNEUMONIA/person586_virus_1130.jpeg,1,person586
train/PNEUMONIA/person587_bacteria_2421.jpeg,1,person587
train/PNEUMONIA/person588_bacteria_2422.jpeg,1,person588
train/PNEUMONIA/person588_bacteria_2423.jpeg,1,person588
train/PNEUMONIA/person588_virus_1134.jpeg,1,person588
train/PNEUMONIA/person588_virus_1135.jpeg,1,person588
train/PNEUMONIA/person589_bacteria_2424.jpeg,1,person589
train/PNEUMONIA/person589_bacteria_2425.jpeg,1,person589
train/PNEUMONIA/person58_bacteria_272.jpeg,1,person58
train/PNEUMONIA/person58_bacteria_273.jpeg,1,person58
train/PNEUMONIA/person58_bacteria_274.jpeg,1,person58
train/PNEUMONIA/person58_bacteria_275.jpeg,1,person58
train/PNEUMONIA/person58_bacteria_276.jpeg,1,person58
train/PNEUMONIA/person58_bacteria_277.jpeg,1,person58
train/PNEUMONIA/person58_bacteria_278.jpeg,1,person58
train/PNEUMONIA/person590_bacteria_2428.jpeg,1,person590
train/PNEUMONIA/person590_virus_1138.jpeg,1,person590
train/PNEUMONIA/person591_bacteria_2429.jpeg,1,person591
train/PNEUMONIA/person591_virus_1139.jpeg,1,person591
train/PNEUMONIA/person593_bacteria_2435.jpeg,1,person593
train/PNEUMONIA/person593_virus_1142.jpeg,1,person593
train/PNEUMONIA/person594_bacteria_2436.jpeg,1,person594
train/PNEUMONIA/person594_virus_1145.jpeg,1,person594
train/PNEUMONIA/person595_bacteria_2438.jpeg,1,person595
train/PNEUMONIA/person595_virus_1147.jpeg,1,person595
train/PNEUMONIA/person596_bacteria_2440.jpeg,1,person596
train/PNEUMONIA/person596_bacteria_2441.jpeg,1,person596
train/PNEUMONIA/person596_bacteria_2443.jpeg,1,person596
train/PNEUMONIA/person596_bacteria_2444.jpeg,1,person596
train/PNEUMONIA/person596_bacteria_2445.jpeg,1,person596
train/PNEUMONIA/person596_bacteria_2446.jpeg,1,person596
train/PNEUMONIA/person596_bacteria_2447.jpeg,1,person596
train/PNEUMONIA/person596_bacteria_2449.jpeg,1,person596
train/PNEUMONIA/person596_virus_1149.jpeg,1,person596
train/PNEUMONIA/person597_bacteria_2450.jpeg,1,person597
train/PNEUMONIA/person597_bacteria_2451.jpeg,1,person597
train/PNEUMONIA/person597_virus_1150.jpeg,1,person597
train/PNEUMONIA/person598_bacteria_2453.jpeg,1,person598
train/PNEUMONIA/person598_bacteria_2454.jpeg,1,person598
train/PNEUMONIA/person598_virus_1151.jpeg,1,person598
train/PNEUMONIA/person598_virus_1153.jpeg,1,person598
train/PNEUMONIA/person598_virus_1154.jpeg,1,person598
train/PNEUMONIA/person599_bacteria_2455.jpeg,1,person599
train/PNEUMONIA/person599_virus_1155.jpeg,1,person599
train/PNEUMONIA/person59_bacteria_279.jpeg,1,person59
train/PNEUMONIA/person59_bacteria_280.jpeg,1,person59
train/PNEUMONIA/person59_bacteria_281.jpeg,1,person59
train/PNEUMONIA/person59_bacteria_282.jpeg,1,person59
train/PNEUMONIA/person59_bacteria_283.jpeg,1,person59
train/PNEUMONIA/person59_bacteria_284.jpeg,1,person59
train/PNEUMONIA/person600_bacteria_2456.jpeg,1,person600
train/PNEUMONIA/person600_bacteria_2457.jpeg,1,person600
train/PNEUMONIA/person600_bacteria_2458.jpeg,1,person600
train/PNEUMONIA/person600_virus_1156.jpeg,1,person600
train/PNEUMONIA/person601_bacteria_2459.jpeg,1,person601
train/PNEUMONIA/person602_bacteria_2460.jpeg,1,person602
train/PNEUMONIA/person603_bacteria_2461.jpeg,1,person603
train/PNEUMONIA/person603_virus_1164.jpeg,1,person603
train/PNEUMONIA/person604_bacteria_2462.jpeg,1,person604
train/PNEUMONIA/person604_bacteria_2463.jpeg,1,person604
train/PNEUMONIA/person604_virus_1165.jpeg,1,person604
train/PNEUMONIA/person605_bacteria_2464.jpeg,1,person605
train/PNEUMONIA/person605_bacteria_2465.jpeg,1,person605
train/PNEUMONIA/person605_bacteria_2466.jpeg,1,person605
train/PNEUMONIA/person605_bacteria_2467.jpeg,1,person605
train/PNEUMONIA/person605_bacteria_2468.jpeg,1,person605
train/PNEUMONIA/person605_virus_1166.jpeg,1,person605
train/PNEUMONIA/person605_virus_1169.jpeg,1,person605
train/PNEUMONIA/person607_bacteria_2470.jpeg,1,person607
train/PNEUMONIA/person607_virus_1173.jpeg,1,person607
train/PNEUMONIA/person608_bacteria_2471.jpeg,1,person608
train/PNEUMONIA/person608_bacteria_2472.jpeg,1,person608
train/PNEUMONIA/person608_bacteria_2473.jpeg,1,person608
train/PNEUMONIA/person608_virus_1175.jpeg,1,person608
train/PNEUMONIA/person609_bacteria_2474.jpeg,1,person609
train/PNEUMONIA/person609_virus_1176.jpeg,1,person609
train/PNEUMONIA/person60_bacteria_285.jpeg,1,person60
train/PNEUMONIA/person60_bacteria_286.jpeg,1,person60
train/PNEUMONIA/person60_bacteria_287.jpeg,1,person60
train/PNEUMONIA/person610_bacteria_2475.jpeg,1,person610
train/PNEUMONIA/person610_virus_1177.jpeg,1,person610
train/PNEUMONIA/person612_bacteria_2477.jpeg,1,person612
train/PNEUMONIA/person612_bacteria_2478.jpeg,1,person612
train/PNEUMONIA/person612_virus_1179.jpeg,1,person612
train/PNEUMONIA/person613_bacteria_2479.jpeg,1,person613
train/PNEUMONIA/person613_virus_1181.jpeg,1,person613
train/PNEUMONIA/person614_bacteria_2480.jpeg,1,person614
train/PNEUMONIA/person614_bacteria_2481.jpeg,1,person614
train/PNEUMONIA/person614_bacteria_2483.jpeg,1,person614
train/PNEUMONIA/person614_virus_1183.jpeg,1,person614
train/PNEUMONIA/person615_virus_1184.jpeg,1,person615
train/PNEUMONIA/person619_bacteria_2490.jpeg,1,person619
train/PNEUMONIA/person619_bacteria_2491.jpeg,1,person619
train/PNEUMONIA/person619_virus_1190.jpeg,1,person619
train/PNEUMONIA/person61_bacteria_288.jpeg,1,person61
train/PNEUMONIA/person61_bacteria_289.jpeg,1,person61
train/PNEUMONIA/person61_bacteria_290.jpeg,1,person61
train/PNEUMONIA/person61_bacteria_291.jpeg,1,person61
train/PNEUMONIA/person61_bacteria_292.jpeg,1,person61
train/PNEUMONIA/person61_bacteria_293.jpeg,1,person61
train/PNEUMONIA/person61_bacteria_294.jpeg,1,person61
train/PNEUMONIA/person61_bacteria_295.jpeg,1,person61
train/PNEUMONIA/person61_bacteria_296.jpeg,1,person61
train/PNEUMONIA/person61_bacteria_297.jpeg,1,person61
train/PNEUMONIA/person621_virus_1194.jpeg,1,person621
train/PNEUMONIA/person621_virus_1195.jpeg,1,person621
train/PNEUMONIA/person622_bacteria_2494.jpeg,1,person622
train/PNEUMONIA/person622_virus_1196.jpeg,1,person622
train/PNEUMONIA/person623_bacteria_2495.jpeg,1,person623
train/PNEUMONIA/person623_bacteria_2496.jpeg,1,person623
train/PNEUMONIA/person623_virus_1197.jpeg,1,person623
train/PNEUMONIA/person624_bacteria_2497.jpeg,1,person624
train/PNEUMONIA/person624_virus_1198.jpeg,1,person624
train/PNEUMONIA/person626_bacteria_2502.jpeg,1,person626
train/PNEUMONIA/person626_virus_1202.jpeg,1,person626
train/PNEUMONIA/person627_virus_1204.jpeg,1,person627
train/PNEUMONIA/person628_bacteria_2505.jpeg,1,person628
train/PNEUMONIA/person628_virus_1206.jpeg,1,person628
train/PNEUMONIA/person629_bacteria_2506.jpeg,1,person629
train/PNEUMONIA/person629_bacteria_2507.jpeg,1,person629
train/PNEUMONIA/person629_bacteria_2508.jpeg,1,person629
train/PNEUMONIA/person629_bacteria_2509.jpeg,1,person629
train/PNEUMONIA/person629_bacteria_2510.jpeg,1,person629
train/PNEUMONIA/person629_virus_1207.jpeg,1,person629
train/PNEUMONIA/person62_bacteria_298.jpeg,1,person62
train/PNEUMONIA/person62_bacteria_299.jpeg,1,person62
train/PNEUMONIA/person62_bacteria_300.jpeg,1,person62
train/PNEUMONIA/person62_bacteria_301.jpeg,1,person62
train/PNEUMONIA/person62_bacteria_302.jpeg,1,person62
train/PNEUMONIA/person62_bacteria_303.jpeg,1,person62
train/PNEUMONIA/person630_bacteria_2512.jpeg,1,person630
train/PNEUMONIA/person630_bacteria_2513.jpeg,1,person630
train/PNEUMONIA/person630_bacteria_2514.jpeg,1,person630
train/PNEUMONIA/person630_bacteria_2515.jpeg,1,person630
train/PNEUMONIA/person630_bacteria_2516.jpeg,1,person630
train/PNEUMONIA/person630_virus_1209.jpeg,1,person630
train/PNEUMONIA/person632_bacteria_2520.jpeg,1,person632
train/PNEUMONIA/person632_bacteria_2521.jpeg,1,person632
train/PNEUMONIA/person632_virus_1211.jpeg,1,person632
train/PNEUMONIA/person633_bacteria_2522.jpeg,1,person633
train/PNEUMONIA/person633_virus_1213.jpeg,1,person633
train/PNEUMONIA/person635_bacteria_2526.jpeg,1,person635
train/PNEUMONIA/person636_bacteria_2527.jpeg,1,person636
train/PNEUMONIA/person636_virus_1217.jpeg,1,person636
train/PNEUMONIA/person637_bacteria_2528.jpeg,1,person637
train/PNEUMONIA/person637_bacteria_2529.jpeg,1,person637
train/PNEUMONIA/person637_virus_1218.jpeg,1,person637
train/PNEUMONIA/person639_virus_1220.jpeg,1,person639
train/PNEUMONIA/person63_bacteria_306.jpeg,1,person63
train/PNEUMONIA/person641_bacteria_2533.jpeg,1,person641
train/PNEUMONIA/person641_virus_1222.jpeg,1,person641
train/PNEUMONIA/person642_virus_1223.jpeg,1,person642
train/PNEUMONIA/person643_bacteria_2534.jpeg,1,person643
train/PNEUMONIA/person644_bacteria_2536.jpeg,1,person644
train/PNEUMONIA/person644_virus_1225.jpeg,1,person644
train/PNEUMONIA/person645_bacteria_2537.jpeg,1,person645
train/PNEUMONIA/person645_virus_1226.jpeg,1,person645
train/PNEUMONIA/person646_bacteria_2538.jpeg,1,person646
train/PNEUMONIA/person646_virus_1227.jpeg,1,person646
train/PNEUMONIA/person647_bacteria_2539.jpeg,1,person647
train/PNEUMONIA/person647_virus_1228.jpeg,1,person647
train/PNEUMONIA/person647_virus_1229.jpeg,1,person647
train/PNEUMONIA/person648_bacteria_2540.jpeg,1,person648
train/PNEUMONIA/person648_virus_1230.jpeg,1,person648
train/PNEUMONIA/person64_bacteria_310.jpeg,1,person64
train/PNEUMONIA/person64_bacteria_312.jpeg,1,person64
train/PNEUMONIA/person64_bacteria_316.jpeg,1,person64
train/PNEUMONIA/person64_bacteria_317.jpeg,1,person64
train/PNEUMONIA/person64_bacteria_318.jpeg,1,person64
train/PNEUMONIA/person64_bacteria_319.jpeg,1,person64
train/PNEUMONIA/person64_bacteria_320.jpeg,1,person64
train/PNEUMONIA/person650_bacteria_2542.jpeg,1,person650
train/PNEUMONIA/person650_virus_1232.jpeg,1,person650
train/PNEUMONIA/person651_bacteria_2543.jpeg,1,person651
train/PNEUMONIA/person653_bacteria_2545.jpeg,1,person653
train/PNEUMONIA/person653_virus_1235.jpeg,1,person653
train/PNEUMONIA/person654_bacteria_2546.jpeg,1,person654
train/PNEUMONIA/person655_bacteria_2547.jpeg,1,person655
train/PNEUMONIA/person656_bacteria_2548.jpeg,1,person656
train/PNEUMONIA/person656_virus_1238.jpeg,1,person656
train/PNEUMONIA/person657_bacteria_2549.jpeg,1,person657
train/PNEUMONIA/person657_virus_1240.jpeg,1,person657
train/PNEUMONIA/person658_bacteria_2550.jpeg,1,person658
train/PNEUMONIA/person658_virus_1241.jpeg,1,person658
train/PNEUMONIA/person659_bacteria_2551.jpeg,1,person659
train/PNEUMONIA/person659_virus_1243.jpeg,1,person659
train/PNEUMONIA/person660_bacteria_2552.jpeg,1,person660
train/PNEUMONIA/person660_virus_1244.jpeg,1,person660
train/PNEUMONIA/person661_bacteria_2553.jpeg,1,person661
train/PNEUMONIA/person661_virus_1245.jpeg,1,person661
train/PNEUMONIA/person662_bacteria_2554.jpeg,1,person662
train/PNEUMONIA/person662_virus_1246.jpeg,1,person662
train/PNEUMONIA/person663_bacteria_2555.jpeg,1,person663
train/PNEUMONIA/person663_virus_1247.jpeg,1,person663
train/PNEUMONIA/person663_virus_1248.jpeg,1,person663
train/PNEUMONIA/person664_virus_1249.jpeg,1,person664
train/PNEUMONIA/person665_bacteria_2557.jpeg,1,person665
train/PNEUMONIA/person665_virus_1250.jpeg,1,person665
train/PNEUMONIA/person666_bacteria_2558.jpeg,1,person666
train/PNEUMONIA/person666_virus_1251.jpeg,1,person666
train/PNEUMONIA/person667_virus_1252.jpeg,1,person667
train/PNEUMONIA/person667_virus_1253.jpeg,1,person667
train/PNEUMONIA/person669_bacteria_2561.jpeg,1,person669
train/PNEUMONIA/person669_bacteria_2562.jpeg,1,person669
train/PNEUMONIA/person669_virus_1255.jpeg,1,person669
train/PNEUMONIA/person66_bacteria_323.jpeg,1,person66
train/PNEUMONIA/person66_bacteria_324.jpeg,1,person66
train/PNEUMONIA/person66_bacteria_325.jpeg,1,person66
train/PNEUMONIA/person66_bacteria_326.jpeg,1,person66
train/PNEUMONIA/person671_bacteria_2564.jpeg,1,person671
train/PNEUMONIA/person671_virus_1260.jpeg,1,person671
train/PNEUMONIA/person672_bacteria_2565.jpeg,1,person672
train/PNEUMONIA/person672_virus_1261.jpeg,1,person672
train/PNEUMONIA/person673_bacteria_2566.jpeg,1,person673
train/PNEUMONIA/person673_virus_1263.jpeg,1,person673
train/PNEUMONIA/person674_bacteria_2568.jpeg,1,person674
train/PNEUMONIA/person677_bacteria_2571.jpeg,1,person677
train/PNEUMONIA/person677_virus_1268.jpeg,1,person677
train/PNEUMONIA/person678_bacteria_2572.jpeg,1,person678
train/PNEUMONIA/person679_virus_1270.jpeg,1,person679
train/PNEUMONIA/person67_bacteria_328.jpeg,1,person67
train/PNEUMONIA/person67_bacteria_329.jpeg,1,person67
train/PNEUMONIA/person67_bacteria_330.jpeg,1,person67
train/PNEUMONIA/person67_bacteria_331.jpeg,1,person67
train/PNEUMONIA/person67_bacteria_332.jpeg,1,person67
train/PNEUMONIA/person67_bacteria_333.jpeg,1,person67
train/PNEUMONIA/person67_bacteria_334.jpeg,1,person67
train/PNEUMONIA/person681_bacteria_2576.jpeg,1,person681
train/PNEUMONIA/person681_virus_1272.jpeg,1,person681
train/PNEUMONIA/person683_bacteria_2578.jpeg,1,person683
train/PNEUMONIA/person684_bacteria_2580.jpeg,1,person684
train/PNEUMONIA/person684_virus_1275.jpeg,1,person684
train/PNEUMONIA/person685_bacteria_2581.jpeg,1,person685
train/PNEUMONIA/person687_bacteria_2583.jpeg,1,person687
train/PNEUMONIA/person688_bacteria_2584.jpeg,1,person688
train/PNEUMONIA/person688_virus_1281.jpeg,1,person688
train/PNEUMONIA/person689_bacteria_2585.jpeg,1,person689
train/PNEUMONIA/person689_bacteria_2586.jpeg,1,person689
train/PNEUMONIA/person691_bacteria_2588.jpeg,1,person691
train/PNEUMONIA/person693_bacteria_2590.jpeg,1,person693
train/PNEUMONIA/person696_bacteria_2594.jpeg,1,person696
train/PNEUMONIA/person698_virus_1294.jpeg,1,person698
train/PNEUMONIA/person699_bacteria_2598.jpeg,1,person699
train/PNEUMONIA/person699_virus_1295.jpeg,1,person699
train/PNEUMONIA/person69_bacteria_338.jpeg,1,person69
train/PNEUMONIA/person6_bacteria_22.jpeg,1,person6
train/PNEUMONIA/person701_bacteria_2600.jpeg,1,person701
train/PNEUMONIA/person701_virus_1297.jpeg,1,person701
train/PNEUMONIA/person702_bacteria_2601.jpeg,1,person702
train/PNEUMONIA/person702_virus_1299.jpeg,1,person702
train/PNEUMONIA/person703_bacteria_2602.jpeg,1,person703
train/PNEUMONIA/person703_virus_1300.jpeg,1,person703
train/PNEUMONIA/person704_bacteria_2603.jpeg,1,person704
train/PNEUMONIA/person704_virus_1301.jpeg,1,person704
train/PNEUMONIA/person705_virus_1302.jpeg,1,person705
train/PNEUMONIA/person705_virus_1303.jpeg,1,person705
train/PNEUMONIA/person706_virus_1304.jpeg,1,person706
train/PNEUMONIA/person707_bacteria_2606.jpeg,1,person707
train/PNEUMONIA/person707_virus_1305.jpeg,1,person707
train/PNEUMONIA/person709_bacteria_2608.jpeg,1,person709
train/PNEUMONIA/person70_bacteria_341.jpeg,1,person70
train/PNEUMONIA/person70_bacteria_342.jpeg,1,person70
train/PNEUMONIA/person70_bacteria_343.jpeg,1,person70
train/PNEUMONIA/person70_bacteria_344.jpeg,1,person70
train/PNEUMONIA/person70_bacteria_345.jpeg,1,person70
train/PNEUMONIA/person70_bacteria_346.jpeg,1,person70
train/PNEUMONIA/person711_bacteria_2612.jpeg,1,person711
train/PNEUMONIA/person711_virus_1309.jpeg,1,person711
train/PNEUMONIA/person712_bacteria_2613.jpeg,1,person712
train/PNEUMONIA/person712_virus_1310.jpeg,1,person712
train/PNEUMONIA/person713_bacteria_2614.jpeg,1,person713
train/PNEUMONIA/person714_bacteria_2615.jpeg,1,person714
train/PNEUMONIA/person716_bacteria_2617.jpeg,1,person716
train/PNEUMONIA/person716_virus_1314.jpeg,1,person716
train/PNEUMONIA/person717_bacteria_2618.jpeg,1,person717
train/PNEUMONIA/person718_bacteria_2620.jpeg,1,person718
train/PNEUMONIA/person718_virus_1316.jpeg,1,person718
train/PNEUMONIA/person719_bacteria_2621.jpeg,1,person719
train/PNEUMONIA/person719_virus_1338.jpeg,1,person719
train/PNEUMONIA/person71_bacteria_347.jpeg,1,person71
train/PNEUMONIA/person71_bacteria_348.jpeg,1,person71
train/PNEUMONIA/person71_bacteria_349.jpeg,1,person71
train/PNEUMONIA/person71_bacteria_350.jpeg,1,person71
train/PNEUMONIA/person71_bacteria_351.jpeg,1,person71
train/PNEUMONIA/person720_bacteria_2622.jpeg,1,person720
train/PNEUMONIA/person720_virus_1339.jpeg,1,person720
train/PNEUMONIA/person721_bacteria_2623.jpeg,1,person721
train/PNEUMONIA/person721_virus_1340.jpeg,1,person721
train/PNEUMONIA/person722_virus_1341.jpeg,1,person722
train/PNEUMONIA/person724_bacteria_2626.jpeg,1,person724
train/PNEUMONIA/person724_virus_1343.jpeg,1,person724
train/PNEUMONIA/person724_virus_1344.jpeg,1,person724
train/PNEUMONIA/person725_bacteria_2627.jpeg,1,person725
train/PNEUMONIA/person726_bacteria_2628.jpeg,1,person726
train/PNEUMONIA/person727_bacteria_2629.jpeg,1,person727
train/PNEUMONIA/person727_virus_1347.jpeg,1,person727
train/PNEUMONIA/person728_bacteria_2630.jpeg,1,person728
train/PNEUMONIA/person72_bacteria_352.jpeg,1,person72
train/PNEUMONIA/person72_bacteria_353.jpeg,1,person72
train/PNEUMONIA/person72_bacteria_354.jpeg,1,person72
train/PNEUMONIA/person730_bacteria_2632.jpeg,1,person730
train/PNEUMONIA/person730_virus_1351.jpeg,1,person730
train/PNEUMONIA/person731_bacteria_2633.jpeg,1,person731
train/PNEUMONIA/person731_virus_1352.jpeg,1,person731
train/PNEUMONIA/person732_bacteria_2634.jpeg,1,person732
train/PNEUMONIA/person732_virus_1353.jpeg,1,person732
train/PNEUMONIA/person733_bacteria_2635.jpeg,1,person733
train/PNEUMONIA/person734_bacteria_2637.jpeg,1,person734
train/PNEUMONIA/person734_virus_1355.jpeg,1,person734
train/PNEUMONIA/person735_bacteria_2638.jpeg,1,person735
train/PNEUMONIA/person735_virus_1356.jpeg,1,person735
train/PNEUMONIA/person736_bacteria_2639.jpeg,1,person736
train/PNEUMONIA/person736_virus_1358.jpeg,1,person736
train/PNEUMONIA/person737_bacteria_2640.jpeg,1,person737
train/PNEUMONIA/person738_bacteria_2641.jpeg,1,person738
train/PNEUMONIA/person738_virus_1360.jpeg,1,person738
train/PNEUMONIA/person739_bacteria_2642.jpeg,1,person739
train/PNEUMONIA/person739_virus_1361.jpeg,1,person739
train/PNEUMONIA/person73_bacteria_355.jpeg,1,person73
train/PNEUMONIA/person73_bacteria_356.jpeg,1,person73
train/PNEUMONIA/person73_bacteria_357.jpeg,1,person73
train/PNEUMONIA/person73_bacteria_358.jpeg,1,person73
train/PNEUMONIA/person73_bacteria_359.jpeg,1,person73
train/PNEUMONIA/person73_bacteria_360.jpeg,1,person73
train/PNEUMONIA/person740_bacteria_2643.jpeg,1,person740
train/PNEUMONIA/person740_virus_1362.jpeg,1,person740
train/PNEUMONIA/person740_virus_1363.jpeg,1,person740
train/PNEUMONIA/person741_bacteria_2644.jpeg,1,person741
train/PNEUMONIA/person741_virus_1364.jpeg,1,person741
train/PNEUMONIA/person742_virus_1365.jpeg,1,person742
train/PNEUMONIA/person743_bacteria_2646.jpeg,1,person743
train/PNEUMONIA/person743_virus_1366.jpeg,1,person743
train/PNEUMONIA/person744_bacteria_2647.jpeg,1,person744
train/PNEUMONIA/person744_virus_1367.jpeg,1,person744
train/PNEUMONIA/person745_bacteria_2648.jpeg,1,person745
train/PNEUMONIA/person745_virus_1368.jpeg,1,person745
train/PNEUMONIA/person746_bacteria_2649.jpeg,1,person746
train/PNEUMONIA/person746_virus_1369.jpeg,1,person746
train/PNEUMONIA/person747_bacteria_2650.jpeg,1,person747
train/PNEUMONIA/person747_virus_1370.jpeg,1,person747
train/PNEUMONIA/person747_virus_1372.jpeg,1,person747
train/PNEUMONIA/person74_bacteria_361.jpeg,1,person74
train/PNEUMONIA/person74_bacteria_362.jpeg,1,person74
train/PNEUMONIA/person74_bacteria_363.jpeg,1,person74
train/PNEUMONIA/person750_bacteria_2653.jpeg,1,person750
train/PNEUMONIA/person751_bacteria_2654.jpeg,1,person751
train/PNEUMONIA/person752_virus_1377.jpeg,1,person752
train/PNEUMONIA/person753_bacteria_2656.jpeg,1,person753
train/PNEUMONIA/person753_virus_1378.jpeg,1,person753
train/PNEUMONIA/person754_virus_1379.jpeg,1,person754
train/PNEUMONIA/person755_bacteria_2659.jpeg,1,person755
train/PNEUMONIA/person755_virus_1380.jpeg,1,person755
train/PNEUMONIA/person755_virus_1382.jpeg,1,person755
train/PNEUMONIA/person756_bacteria_2660.jpeg,1,person756
train/PNEUMONIA/person757_bacteria_2661.jpeg,1,person757
train/PNEUMONIA/person757_virus_1385.jpeg,1,person757
train/PNEUMONIA/person758_bacteria_2662.jpeg,1,person758
train/PNEUMONIA/person759_bacteria_2663.jpeg,1,person759
train/PNEUMONIA/person759_virus_1387.jpeg,1,person759
train/PNEUMONIA/person75_bacteria_364.jpeg,1,person75
train/PNEUMONIA/person75_bacteria_365.jpeg,1,person75
train/PNEUMONIA/person75_bacteria_366.jpeg,1,person75
train/PNEUMONIA/person75_bacteria_367.jpeg,1,person75
train/PNEUMONIA/person75_bacteria_368.jpeg,1,person75
train/PNEUMONIA/person75_bacteria_369.jpeg,1,person75
train/PNEUMONIA/person760_bacteria_2664.jpeg,1,person760
train/PNEUMONIA/person760_virus_1388.jpeg,1,person760
train/PNEUMONIA/person761_bacteria_2665.jpeg,1,person761
train/PNEUMONIA/person761_virus_1389.jpeg,1,person761
train/PNEUMONIA/person762_virus_1390.jpeg,1,person762
train/PNEUMONIA/person763_bacteria_2667.jpeg,1,person763
train/PNEUMONIA/person763_virus_1391.jpeg,1,person763
train/PNEUMONIA/person764_bacteria_2668.jpeg,1,person764
train/PNEUMONIA/person764_virus_1392.jpeg,1,person764
train/PNEUMONIA/person765_bacteria_2669.jpeg,1,person765
train/PNEUMONIA/person765_virus_1393.jpeg,1,person765
train/PNEUMONIA/person766_bacteria_2670.jpeg,1,person766
train/PNEUMONIA/person767_bacteria_2671.jpeg,1,person767
train/PNEUMONIA/person768_bacteria_2672.jpeg,1,person768
train/PNEUMONIA/person768_virus_1396.jpeg,1,person768
train/PNEUMONIA/person76_bacteria_370.jpeg,1,person76
train/PNEUMONIA/person76_bacteria_371.jpeg,1,person76
train/PNEUMONIA/person76_bacteria_372.jpeg,1,person76
train/PNEUMONIA/person770_bacteria_2674.jpeg,1,person770
train/PNEUMONIA/person770_virus_1398.jpeg,1,person770
train/PNEUMONIA/person771_bacteria_2675.jpeg,1,person771
train/PNEUMONIA/person771_virus_1399.jpeg,1,person771
train/PNEUMONIA/person772_virus_1401.jpeg,1,person772
train/PNEUMONIA/person773_virus_1402.jpeg,1,person773
train/PNEUMONIA/person774_bacteria_2678.jpeg,1,person774
train/PNEUMONIA/person774_virus_1403.jpeg,1,person774
train/PNEUMONIA/person775_bacteria_2679.jpeg,1,person775
train/PNEUMONIA/person775_virus_1404.jpeg,1,person775
train/PNEUMONIA/person776_bacteria_2680.jpeg,1,person776
train/PNEUMONIA/person776_virus_1405.jpeg,1,person776
train/PNEUMONIA/person778_bacteria_2682.jpeg,1,person778
train/PNEUMONIA/person778_virus_1408.jpeg,1,person778
train/PNEUMONIA/person779_bacteria_2683.jpeg,1,person779
train/PNEUMONIA/person779_virus_1409.jpeg,1,person779
train/PNEUMONIA/person779_virus_1410.jpeg,1,person779
train/PNEUMONIA/person77_bacteria_374.jpeg,1,person77
train/PNEUMONIA/person77_bacteria_375.jpeg,1,person77
train/PNEUMONIA/person77_bacteria_376.jpeg,1,person77
train/PNEUMONIA/person77_bacteria_377.jpeg,1,person77
train/PNEUMONIA/person780_bacteria_2684.jpeg,1,person780
train/PNEUMONIA/person780_virus_1411.jpeg,1,person780
train/PNEUMONIA/person781_virus_1412.jpeg,1,person781
train/PNEUMONIA/person782_bacteria_2686.jpeg,1,person782
train/PNEUMONIA/person783_bacteria_2687.jpeg,1,person783
train/PNEUMONIA/person783_virus_1414.jpeg,1,person783
train/PNEUMONIA/person785_bacteria_2689.jpeg,1,person785
train/PNEUMONIA/person786_bacteria_2690.jpeg,1,person786
train/PNEUMONIA/person788_virus_1419.jpeg,1,person788
train/PNEUMONIA/person789_bacteria_2694.jpeg,1,person789
train/PNEUMONIA/person789_virus_1420.jpeg,1,person789
train/PNEUMONIA/person790_virus_1421.jpeg,1,person790
train/PNEUMONIA/person791_virus_1422.jpeg,1,person791
train/PNEUMONIA/person793_virus_1424.jpeg,1,person793
train/PNEUMONIA/person794_bacteria_2700.jpeg,1,person794
train/PNEUMONIA/person795_virus_1427.jpeg,1,person795
train/PNEUMONIA/person797_virus_1429.jpeg,1,person797
train/PNEUMONIA/person798_virus_1430.jpeg,1,person798
train/PNEUMONIA/person799_bacteria_2705.jpeg,1,person799
train/PNEUMONIA/person799_virus_1431.jpeg,1,person799
train/PNEUMONIA/person7_bacteria_24.jpeg,1,person7
train/PNEUMONIA/person7_bacteria_25.jpeg,1,person7
train/PNEUMONIA/person7_bacteria_28.jpeg,1,person7
train/PNEUMONIA/person7_bacteria_29.jpeg,1,person7
train/PNEUMONIA/person800_bacteria_2706.jpeg,1,person800
train/PNEUMONIA/person801_virus_1434.jpeg,1,person801
train/PNEUMONIA/person803_bacteria_2710.jpeg,1,person803
train/PNEUMONIA/person803_virus_1436.jpeg,1,person803
train/PNEUMONIA/person805_bacteria_2712.jpeg,1,person805
train/PNEUMONIA/person806_virus_1439.jpeg,1,person806
train/PNEUMONIA/person806_virus_1440.jpeg,1,person806
train/PNEUMONIA/person808_bacteria_2716.jpeg,1,person808
train/PNEUMONIA/person808_virus_1442.jpeg,1,person808
train/PNEUMONIA/person809_bacteria_2717.jpeg,1,person809
train/PNEUMONIA/person809_bacteria_2718.jpeg,1,person809
train/PNEUMONIA/person80_virus_150.jpeg,1,person80
train/PNEUMONIA/person810_bacteria_2719.jpeg,1,person810
train/PNEUMONIA/person810_virus_1445.jpeg,1,person810
train/PNEUMONIA/person810_virus_1446.jpeg,1,person810
train/PNEUMONIA/person811_bacteria_2721.jpeg,1,person811
train/PNEUMONIA/person811_virus_1447.jpeg,1,person811
train/PNEUMONIA/person813_bacteria_2723.jpeg,1,person813
train/PNEUMONIA/person813_bacteria_2724.jpeg,1,person813
train/PNEUMONIA/person813_virus_1449.jpeg,1,person813
train/PNEUMONIA/person814_bacteria_2725.jpeg,1,person814
train/PNEUMONIA/person815_bacteria_2726.jpeg,1,person815
train/PNEUMONIA/person816_bacteria_2727.jpeg,1,person816
train/PNEUMONIA/person817_bacteria_2728.jpeg,1,person817
train/PNEUMONIA/person819_bacteria_2730.jpeg,1,person819
train/PNEUMONIA/person819_virus_1455.jpeg,1,person819
train/PNEUMONIA/person820_bacteria_2731.jpeg,1,person820
train/PNEUMONIA/person820_virus_1456.jpeg,1,person820
train/PNEUMONIA/person823_virus_1459.jpeg,1,person823
train/PNEUMONIA/person825_bacteria_2736.jpeg,1,person825
train/PNEUMONIA/person826_bacteria_2737.jpeg,1,person826
train/PNEUMONIA/person826_virus_1462.jpeg,1,person826
train/PNEUMONIA/person827_bacteria_2738.jpeg,1,person827
train/PNEUMONIA/person830_bacteria_2741.jpeg,1,person830
train/PNEUMONIA/person830_virus_1466.jpeg,1,person830
train/PNEUMONIA/person832_bacteria_2743.jpeg,1,person832
train/PNEUMONIA/person832_virus_1468.jpeg,1,person832
train/PNEUMONIA/person833_virus_1469.jpeg,1,person833
train/PNEUMONIA/person834_bacteria_2747.jpeg,1,person834
train/PNEUMONIA/person835_bacteria_2749.jpeg,1,person835
train/PNEUMONIA/person835_bacteria_2750.jpeg,1,person835
train/PNEUMONIA/person835_virus_1472.jpeg,1,person835
train/PNEUMONIA/person836_bacteria_2752.jpeg,1,person836
train/PNEUMONIA/person836_virus_1473.jpeg,1,person836
train/PNEUMONIA/person838_virus_1476.jpeg,1,person838
train/PNEUMONIA/person839_bacteria_2757.jpeg,1,person839
train/PNEUMONIA/person83_virus_156.jpeg,1,person83
train/PNEUMONIA/person840_bacteria_2758.jpeg,1,person840
train/PNEUMONIA/person840_bacteria_2759.jpeg,1,person840
train/PNEUMONIA/person841_bacteria_2760.jpeg,1,person841
train/PNEUMONIA/person841_bacteria_2761.jpeg,1,person841
train/PNEUMONIA/person841_virus_1481.jpeg,1,person841
train/PNEUMONIA/person842_bacteria_2762.jpeg,1,person842
train/PNEUMONIA/person842_virus_1483.jpeg,1,person842
train/PNEUMONIA/person843_bacteria_2763.jpeg,1,person843
train/PNEUMONIA/person843_virus_1485.jpeg,1,person843
train/PNEUMONIA/person844_virus_1487.jpeg,1,person844
train/PNEUMONIA/person845_virus_1489.jpeg,1,person845
train/PNEUMONIA/person846_bacteria_2766.jpeg,1,person846
train/PNEUMONIA/person846_virus_1491.jpeg,1,person846
train/PNEUMONIA/person847_bacteria_2767.jpeg,1,person847
train/PNEUMONIA/person847_virus_1492.jpeg,1,person847
train/PNEUMONIA/person848_bacteria_2769.jpeg,1,person848
train/PNEUMONIA/person848_virus_1493.jpeg,1,person848
train/PNEUMONIA/person849_bacteria_2770.jpeg,1,person849
train/PNEUMONIA/person849_virus_1494.jpeg,1,person849
train/PNEUMONIA/person84_virus_157.jpeg,1,person84
train/PNEUMONIA/person850_bacteria_2771.jpeg,1,person850
train/PNEUMONIA/person851_virus_1496.jpeg,1,person851
train/PNEUMONIA/person855_bacteria_2777.jpeg,1,person855
train/PNEUMONIA/person855_virus_1500.jpeg,1,person855
train/PNEUMONIA/person859_virus_1504.jpeg,1,person859
train/PNEUMONIA/person860_virus_1505.jpeg,1,person860
train/PNEUMONIA/person861_virus_1506.jpeg,1,person861
train/PNEUMONIA/person863_bacteria_2785.jpeg,1,person863
train/PNEUMONIA/person863_virus_1508.jpeg,1,person863
train/PNEUMONIA/person866_bacteria_2788.jpeg,1,person866
train/PNEUMONIA/person866_virus_1511.jpeg,1,person866
train/PNEUMONIA/person867_bacteria_2789.jpeg,1,person867
train/PNEUMONIA/person867_virus_1512.jpeg,1,person867
train/PNEUMONIA/person86_virus_159.jpeg,1,person86
train/PNEUMONIA/person870_bacteria_2792.jpeg,1,person870
train/PNEUMONIA/person870_virus_1516.jpeg,1,person870
train/PNEUMONIA/person871_bacteria_2793.jpeg,1,person871
train/PNEUMONIA/person871_virus_1517.jpeg,1,person871
train/PNEUMONIA/person872_bacteria_2795.jpeg,1,person872
train/PNEUMONIA/person873_bacteria_2796.jpeg,1,person873
train/PNEUMONIA/person874_bacteria_2797.jpeg,1,person874
train/PNEUMONIA/person875_bacteria_2798.jpeg,1,person875
train/PNEUMONIA/person876_bacteria_2799.jpeg,1,person876
train/PNEUMONIA/person877_bacteria_2800.jpeg,1,person877
train/PNEUMONIA/person877_virus_1525.jpeg,1,person877
train/PNEUMONIA/person878_bacteria_2801.jpeg,1,person878
train/PNEUMONIA/person878_virus_1526.jpeg,1,person878
train/PNEUMONIA/person87_virus_160.jpeg,1,person87
train/PNEUMONIA/person880_bacteria_2804.jpeg,1,person880
train/PNEUMONIA/person880_virus_1529.jpeg,1,person880
train/PNEUMONIA/person882_bacteria_2806.jpeg,1,person882
train/PNEUMONIA/person883_bacteria_2807.jpeg,1,person883
train/PNEUMONIA/person883_virus_1533.jpeg,1,person883
train/PNEUMONIA/person884_bacteria_2808.jpeg,1,person884
train/PNEUMONIA/person884_virus_1534.jpeg,1,person884
train/PNEUMONIA/person885_bacteria_2809.jpeg,1,person885
train/PNEUMONIA/person886_bacteria_2810.jpeg,1,person886
train/PNEUMONIA/person886_virus_1536.jpeg,1,person886
train/PNEUMONIA/person887_bacteria_2811.jpeg,1,person887
train/PNEUMONIA/person888_bacteria_2812.jpeg,1,person888
train/PNEUMONIA/person888_virus_1538.jpeg,1,person888
train/PNEUMONIA/person88_virus_161.jpeg,1,person88
train/PNEUMONIA/person88_virus_163.jpeg,1,person88
train/PNEUMONIA/person88_virus_164.jpeg,1,person88
train/PNEUMONIA/person88_virus_165.jpeg,1,person88
train/PNEUMONIA/person88_virus_166.jpeg,1,person88
train/PNEUMONIA/person88_virus_167.jpeg,1,person88
train/PNEUMONIA/person890_bacteria_2814.jpeg,1,person890
train/PNEUMONIA/person890_virus_1540.jpeg,1,person890
train/PNEUMONIA/person892_bacteria_2817.jpeg,1,person892
train/PNEUMONIA/person893_bacteria_2818.jpeg,1,person893
train/PNEUMONIA/person894_bacteria_2819.jpeg,1,person894
train/PNEUMONIA/person894_virus_1546.jpeg,1,person894
train/PNEUMONIA/person895_bacteria_2820.jpeg,1,person895
train/PNEUMONIA/person895_virus_1547.jpeg,1,person895
train/PNEUMONIA/person898_bacteria_2823.jpeg,1,person898
train/PNEUMONIA/person898_virus_1552.jpeg,1,person898
train/PNEUMONIA/person899_virus_1553.jpeg,1,person899
train/PNEUMONIA/person89_virus_168.jpeg,1,person89
train/PNEUMONIA/person8_bacteria_37.jpeg,1,person8
train/PNEUMONIA/person900_virus_1554.jpeg,1,person900
train/PNEUMONIA/person901_virus_1555.jpeg,1,person901
train/PNEUMONIA/person902_bacteria_2827.jpeg,1,person902
train/PNEUMONIA/person903_bacteria_2828.jpeg,1,person903
train/PNEUMONIA/person904_bacteria_2829.jpeg,1,person904
train/PNEUMONIA/person905_bacteria_2830.jpeg,1,person905
train/PNEUMONIA/person905_virus_1561.jpeg,1,person905
train/PNEUMONIA/person906_bacteria_2831.jpeg,1,person906
train/PNEUMONIA/person906_virus_1562.jpeg,1,person906
train/PNEUMONIA/person907_bacteria_2832.jpeg,1,person907
train/PNEUMONIA/person907_virus_1563.jpeg,1,person907
train/PNEUMONIA/person908_virus_1564.jpeg,1,person908
train/PNEUMONIA/person909_bacteria_2834.jpeg,1,person909
train/PNEUMONIA/person909_virus_1565.jpeg,1,person909
train/PNEUMONIA/person911_bacteria_2836.jpeg,1,person911
train/PNEUMONIA/person911_virus_1567.jpeg,1,person911
train/PNEUMONIA/person912_bacteria_2837.jpeg,1,person912
train/PNEUMONIA/person914_bacteria_2839.jpeg,1,person914
train/PNEUMONIA/person914_virus_1571.jpeg,1,person914
train/PNEUMONIA/person915_virus_1572.jpeg,1,person915
train/PNEUMONIA/person916_bacteria_2841.jpeg,1,person916
train/PNEUMONIA/person917_bacteria_2842.jpeg,1,person917
train/PNEUMONIA/person918_bacteria_2843.jpeg,1,person918
train/PNEUMONIA/person918_virus_1575.jpeg,1,person918
train/PNEUMONIA/person919_bacteria_2844.jpeg,1,person919
train/PNEUMONIA/person919_virus_1576.jpeg,1,person919
train/PNEUMONIA/person920_bacteria_2845.jpeg,1,person920
train/PNEUMONIA/person920_virus_1577.jpeg,1,person920
train/PNEUMONIA/person921_bacteria_2846.jpeg,1,person921
train/PNEUMONIA/person921_virus_1578.jpeg,1,person921
train/PNEUMONIA/person922_bacteria_2847.jpeg,1,person922
train/PNEUMONIA/person924_bacteria_2849.jpeg,1,person924
train/PNEUMONIA/person924_virus_1581.jpeg,1,person924
train/PNEUMONIA/person925_bacteria_2850.jpeg,1,person925
train/PNEUMONIA/person925_virus_1582.jpeg,1,person925
train/PNEUMONIA/person926_virus_1583.jpeg,1,person926
train/PNEUMONIA/person927_bacteria_2852.jpeg,1,person927
train/PNEUMONIA/person927_virus_1584.jpeg,1,person927
train/PNEUMONIA/person928_virus_1586.jpeg,1,person928
train/PNEUMONIA/person929_bacteria_2854.jpeg,1,person929
train/PNEUMONIA/person929_virus_1588.jpeg,1,person929
train/PNEUMONIA/person929_virus_1589.jpeg,1,person929
train/PNEUMONIA/person92_virus_174.jpeg,1,person92
train/PNEUMONIA/person930_bacteria_2855.jpeg,1,person930
train/PNEUMONIA/person931_bacteria_2856.jpeg,1,person931
train/PNEUMONIA/person931_virus_1592.jpeg,1,person931
train/PNEUMONIA/person932_virus_1593.jpeg,1,person932
train/PNEUMONIA/person933_bacteria_2858.jpeg,1,person933
train/PNEUMONIA/person933_virus_1594.jpeg,1,person933
train/PNEUMONIA/person934_bacteria_2859.jpeg,1,person934
train/PNEUMONIA/person934_virus_1595.jpeg,1,person934
train/PNEUMONIA/person935_virus_1597.jpeg,1,person935
train/PNEUMONIA/person939_bacteria_2864.jpeg,1,person939
train/PNEUMONIA/person93_virus_175.jpeg,1,person93
train/PNEUMONIA/person940_bacteria_2865.jpeg,1,person940
train/PNEUMONIA/person940_virus_1602.jpeg,1,person940
train/PNEUMONIA/person940_virus_1604.jpeg,1,person940
train/PNEUMONIA/person940_virus_1605.jpeg,1,person940
train/PNEUMONIA/person940_virus_1607.jpeg,1,person940
train/PNEUMONIA/person940_virus_1609.jpeg,1,person940
train/PNEUMONIA/person941_virus_1610.jpeg,1,person941
train/PNEUMONIA/person943_bacteria_2868.jpeg,1,person943
train/PNEUMONIA/person945_bacteria_2870.jpeg,1,person945
train/PNEUMONIA/person945_virus_1616.jpeg,1,person945
train/PNEUMONIA/person946_bacteria_2871.jpeg,1,person946
train/PNEUMONIA/person947_bacteria_2872.jpeg,1,person947
train/PNEUMONIA/person947_virus_1618.jpeg,1,person947
train/PNEUMONIA/person94_virus_176.jpeg,1,person94
train/PNEUMONIA/person950_virus_1621.jpeg,1,person950
train/PNEUMONIA/person951_bacteria_2876.jpeg,1,person951
train/PNEUMONIA/person951_virus_1622.jpeg,1,person951
train/PNEUMONIA/person952_bacteria_2877.jpeg,1,person952
train/PNEUMONIA/person952_virus_1623.jpeg,1,person952
train/PNEUMONIA/person953_bacteria_2878.jpeg,1,person953
train/PNEUMONIA/person955_bacteria_2880.jpeg,1,person955
train/PNEUMONIA/person955_virus_1627.jpeg,1,person955
train/PNEUMONIA/person956_bacteria_2881.jpeg,1,person956
train/PNEUMONIA/person956_virus_1628.jpeg,1,person956
train/PNEUMONIA/person957_bacteria_2882.jpeg,1,person957
train/PNEUMONIA/person957_virus_1629.jpeg,1,person957
train/PNEUMONIA/person958_bacteria_2883.jpeg,1,person958
train/PNEUMONIA/person958_virus_1630.jpeg,1,person958
train/PNEUMONIA/person959_bacteria_2884.jpeg,1,person959
train/PNEUMONIA/person95_virus_177.jpeg,1,person95
train/PNEUMONIA/person960_bacteria_2885.jpeg,1,person960
train/PNEUMONIA/person960_virus_1633.jpeg,1,person960
train/PNEUMONIA/person961_bacteria_2886.jpeg,1,person961
train/PNEUMONIA/person961_virus_1634.jpeg,1,person961
train/PNEUMONIA/person962_bacteria_2887.jpeg,1,person962
train/PNEUMONIA/person962_virus_1635.jpeg,1,person962
train/PNEUMONIA/person964_bacteria_2889.jpeg,1,person964
train/PNEUMONIA/person964_virus_1637.jpeg,1,person964
train/PNEUMONIA/person965_bacteria_2890.jpeg,1,person965
train/PNEUMONIA/person965_virus_1638.jpeg,1,person965
train/PNEUMONIA/person966_bacteria_2891.jpeg,1,person966
train/PNEUMONIA/person966_virus_1639.jpeg,1,person966
train/PNEUMONIA/person967_bacteria_2892.jpeg,1,person967
train/PNEUMONIA/person967_virus_1640.jpeg,1,person967
train/PNEUMONIA/person968_bacteria_2893.jpeg,1,person968
train/PNEUMONIA/person968_virus_1642.jpeg,1,person968
train/PNEUMONIA/person969_bacteria_2894.jpeg,1,person969
train/PNEUMONIA/person969_virus_1643.jpeg,1,person969
train/PNEUMONIA/person96_virus_178.jpeg,1,person96
train/PNEUMONIA/person96_virus_179.jpeg,1,person96
train/PNEUMONIA/person970_bacteria_2895.jpeg,1,person970
train/PNEUMONIA/person970_virus_1644.jpeg,1,person970
train/PNEUMONIA/person971_bacteria_2896.jpeg,1,person971
train/PNEUMONIA/person972_bacteria_2897.jpeg,1,person972
train/PNEUMONIA/person972_virus_1646.jpeg,1,person972
train/PNEUMONIA/person973_virus_1647.jpeg,1,person973
train/PNEUMONIA/person974_bacteria_2899.jpeg,1,person974
train/PNEUMONIA/person974_virus_1649.jpeg,1,person974
train/PNEUMONIA/person975_virus_1650.jpeg,1,person975
train/PNEUMONIA/person976_bacteria_2901.jpeg,1,person976
train/PNEUMONIA/person976_virus_1651.jpeg,1,person976
train/PNEUMONIA/person977_bacteria_2902.jpeg,1,person977
train/PNEUMONIA/person977_virus_1652.jpeg,1,person977
train/PNEUMONIA/person978_bacteria_2904.jpeg,1,person978
train/PNEUMONIA/person978_virus_1653.jpeg,1,person978
train/PNEUMONIA/person979_bacteria_2905.jpeg,1,person979
train/PNEUMONIA/person979_virus_1654.jpeg,1,person979
train/PNEUMONIA/person97_virus_180.jpeg,1,person97
train/PNEUMONIA/person97_virus_181.jpeg,1,person97
train/PNEUMONIA/person980_bacteria_2906.jpeg,1,person980
train/PNEUMONIA/person980_virus_1655.jpeg,1,person980
train/PNEUMONIA/person981_bacteria_2907.jpeg,1,person981
train/PNEUMONIA/person981_bacteria_2908.jpeg,1,person981
train/PNEUMONIA/person981_virus_1657.jpeg,1,person981
train/PNEUMONIA/person982_bacteria_2909.jpeg,1,person982
train/PNEUMONIA/person982_virus_1658.jpeg,1,person982
train/PNEUMONIA/person984_bacteria_2911.jpeg,1,person984
train/PNEUMONIA/person985_bacteria_2912.jpeg,1,person985
train/PNEUMONIA/person986_bacteria_2913.jpeg,1,person986
train/PNEUMONIA/person987_bacteria_2914.jpeg,1,person987
train/PNEUMONIA/person98_virus_182.jpeg,1,person98
train/PNEUMONIA/person990_bacteria_2917.jpeg,1,person990
train/PNEUMONIA/person991_bacteria_2918.jpeg,1,person991
train/PNEUMONIA/person991_virus_1669.jpeg,1,person991
train/PNEUMONIA/person992_bacteria_2919.jpeg,1,person992
train/PNEUMONIA/person992_bacteria_2920.jpeg,1,person992
train/PNEUMONIA/person992_virus_1670.jpeg,1,person992
train/PNEUMONIA/person993_bacteria_2921.jpeg,1,person993
train/PNEUMONIA/person993_virus_1671.jpeg,1,person993
train/PNEUMONIA/person995_bacteria_2923.jpeg,1,person995
train/PNEUMONIA/person995_virus_1676.jpeg,1,person995
train/PNEUMONIA/person996_bacteria_2924.jpeg,1,person996
train/PNEUMONIA/person996_virus_1677.jpeg,1,person996
train/PNEUMONIA/person997_bacteria_2926.jpeg,1,person997
train/PNEUMONIA/person997_virus_1678.jpeg,1,person997
train/PNEUMONIA/person99_virus_183.jpeg,1,person99
train/PNEUMONIA/person9_bacteria_38.jpeg,1,person9
train/PNEUMONIA/person9_bacteria_39.jpeg,1,person9
train/PNEUMONIA/person9_bacteria_40.jpeg,1,person9
train/PNEUMONIA/person9_bacteria_41.jpeg,1,person9
